imdbId,title,releaseYear,releaseDate,genre,writers,actor_id,actors,director_id,directors,sequel,hitFlop
tt0118578,Albela,2001,20-Apr-01,Romance,Honey Irani (screenplay) | Honey Irani (story) | Javed Siddiqui (dialogue),373,Aamir Khan,1,Rajkumar Hirani,0,2
tt0169102,Lagaan: Once Upon a Time in India,2001,8-May-02,Adventure | Drama | Musical,Ashutosh Gowariker (story) | Ashutosh Gowariker (screenplay) | Kumar Dave (screenplay) | Sanjay Dayma (screenplay) | K.P. Saxena (dialogue),374,Shah Rukh Khan,2,Farah Khan,0,6
tt0187279,Meri Biwi Ka Jawab Nahin,2004,2-Jul-04,Action | Comedy,N/A,375,Salman Khan,3,Karan Johar,0,1
tt0222024,Hum Tumhare Hain Sanam,2002,24-May-02,Drama | Romance,K.S. Adiyaman | Arun Kumar (assistant dialogue) | Ashok Mehta (assistant dialogue) | Reema Rakesh Nath (dialogue),376,Katrina Kaif,4,Sajid Khan,0,4
tt0227194,One 2 Ka 4,2001,30-Mar-01,Action | Comedy | Drama,Sanjay Chhel | Raaj Kumar Dahima (screenplay) | Manoj Lalwani (screenplay),377,Deepika Padukone,5,Rohit Shetty,0,1
tt0238936,Devdas,2002,12-Jul-02,Musical | Romance,Saratchandra Chatterjee (based on the novel by) | Prakash Kapadia (screenplay) | Sanjay Leela Bhansali (screenplay) | Prakash Kapadia (dialogue),378,Hrithik Roshan,6,Kabir Khan,0,6
tt0247911,Aap Mujhe Achche Lagne Lage,2002,19-Apr-02,Action | Drama | Romance,Robin Bhatt (story) | Girish Dhamija (dialogue) | Sanjeev Duggal (story),379,Priyanka Chopra,7,Anil Sharma,0,2
tt0248126,Kabhi Khushi Kabhie Gham...,2001,14-Dec-01,Drama | Musical | Romance,Karan Johar | Sheena Parikh (screenplay),380,Kareena Kapoor,8,Farhan Akhtar,0,8
tt0248216,Na Tum Jaano Na Hum,2002,10-May-02,Comedy | Drama | Musical,Pratibha Acharya (dialogue) | Arjun Sablok,381,Ranbir Kapoor,9,Siddharth Anand,0,1
tt0248617,Yaadein...,2001,27-Jun-01,Musical | Drama | Romance,Subhash Ghai (dialogue) | Subhash Ghai (screenplay) | Amrik Gill (dialogue) | Aatish Kapadia (screenplay) | Anuradha Tiwari (screenplay),382,Kajol,10,Anees Bazmee,0,2
tt0255713,Zubeidaa,2001,19-Jan-01,Adventure | Biography | Drama,Khalid Mohamed (original story and screenplay) | Javed Siddiqui (dialogue),383,John Abraham,11,Prabhudheva,0,1
tt0256692,Chori Chori Chupke Chupke,2001,9-Mar-01,Drama | Musical | Romance,Shyam Goel (screenplay) | Javed Siddiqui (dialogue) | Neeraj Vora (story),384,Amitabh Bachchan,12,Shaad Ali,0,5
tt0265148,Main Prem Ki Diwani Hoon,2003,27-Jun-03,Musical | Drama | Romance,Sooraj R. Barjatya,385,Sonakshi Sinha,13,Anurag Basu,0,2
tt0265452,Officer,2001,14-Mar-01,Action | Crime | Drama,Naeem Sha (dialogue) | Naeem Sha (screenplay) | Naeem Sha (story),386,Alia Bhatt,14,Mohit Suri,0,2
tt0267363,Chandni Bar,2001,28-Sep-01,Crime | Drama,Mohan Azaad (dialogue) | Mohan Azaad (screenplay) | Madhur Bhandarkar | Masud Mirza (dialogue),387,Ajay Devgn,15,Sanjay Leela Bhansali,0,5
tt0271604,Kuch Khatti Kuch Meethi,2001,19-Jan-01,Drama | Family,N/A,388,Asin,16,Imtiaz Ali,0,2
tt0272543,Censor,2001,14-Feb-01,Musical | Romance,Dev Anand,389,Farhan Akhtar,17,Mani Ratnam,0,1
tt0272607,Farz,2001,12-Jan-01,Action,N/A,390,Arjun Kapoor,18,David Dhawan,0,4
tt0272735,Mujhe Meri Biwi Se Bachaao,2001,18-Jun-01,Comedy | Musical | Family,Harry Baweja (story) | Anees Bazmee (screenplay) | Imtiaz Patel (dialogue),391,Akshay Kumar,19,Aanand Rai,0,1
tt0272736,Mujhse Dosti Karoge!,2002,9-Aug-02,Musical | Romance | Drama,Aditya Chopra | Kunal Kohli,392,Anushka Sharma,20,Ashwani Dhir,0,2
tt0273164,Daman: A Victim of Marital Violence,2001,4-May-01,Drama | Family,Kalpana Lajmi,393,Vidya Balan,21,Raj Kumar Gupta,0,1
tt0273406,Aashiq,2001,26-Jan-01,Action | Comedy | Drama,Rajeev Kaul,394,Aishwarya Rai Bachchan,22,Rakeysh Omprakash Mehra,0,3
tt0273535,Dil Ne Phir Yaad Kiya,2001,N/A,Drama | Musical | Romance,N/A,395,Ranveer Singh,23,Sanjay Gadhvi,0,1
tt0274019,Pyaar Diwana Hota Hai,2002,26-Apr-02,Romance,S.M. Ahale (screenplay) | Shashi (story) | Javed Siddiqui (dialogue),396,Vir Das,24,Indra Kumar,0,1
tt0275381,Grahan,2001,16-Feb-01,Drama | Romance,N/A,397,Shahid Kapoor,25,Kunal Deshmukh,0,1
tt0277981,Rahul,2001,23-Mar-01,Drama,Farhan (dialogue) | Farhan (screenplay) | Anuradha Tiwari (screenplay),398,Saif Ali Khan,26,Kunal Kohli,0,1
tt0278291,Ajnabee,2001,21-Sep-01,Crime | Mystery | Thriller,Robin Bhatt (screenplay) | Sanjeev Duggal (screenplay) | Shyam Goel (dialogue) | Shyam Goel (screenplay) | Neeraj Vora (screenplay) | Neeraj Vora (story),399,Anil Kapoor,27,Abhishek Kapoor,0,4
tt0278522,Jodi No.1,2001,13-Apr-01,Comedy,Rumi Jaffery (dialogue) | Imtiaz Patel (screenplay) | Yunus Sajawal (screenplay),400,Prakash Raj,28,N. Chandra,0,6
tt0279021,Chhupa Rustam: A Musical Thriller,2001,25-Apr-01,Crime | Drama | Romance,Rajeev Kaul,401,Sonam Kapoor,29,Priyadarshan,0,3
tt0280720,The Guru,2002,14-Feb-03,Comedy | Fantasy | Music,Tracey Jackson,402,Sanjay Kapoor,30,Shoojit Sircar,0,1
tt0281102,Pyaar Tune Kya Kiya...,2001,27-Apr-01,Thriller,Rajat Mukherjee (screenplay),403,Jacqueline Fernandez,31,Ashutosh Gowariker,0,3
tt0283911,Bas Itna Sa Khwaab Hai...,2001,6-Jul-01,Romance,Mona Alvi (lyrics) | Goldie Behl (screenplay) | Goldie Behl (story) | Shrishti Behl | Manu Chopra | Tigmanshu Dhulia (dialogue) | Nida Fazli (lyrics) | Dev Kohli (lyrics) | Shyam Raj (lyrics),404,Abhishek Bachchan,32,Ram Gopal Varma,0,1
tt0284137,Gadar: Ek Prem Katha,2001,15-Jun-01,Action | Drama | Romance,Shaktimaan Talwar,405,Imran Khan,33,Vishal Bhardwaj,0,9
tt0284328,Mujhe Kucch Kehna Hai,2001,25-May-01,Romance,Rumi Jaffery (story) | A. Karunakaran (story),406,Rekha,34,Abbas Alibhai Burmawalla,0,7
tt0285319,Paagalpan,2001,8-Jun-01,Romance,Joy Augustine (story),407,Tabu,35,Mastan Alibhai Burmawalla,0,1
tt0287537,Love Ke Liye Kuch Bhi Karega,2001,29-Jun-01,Comedy | Crime | Romance,Rajnish Thakur,408,Madhavan,36,Milan Luthria,0,2
tt0288273,Uljhan,2001,4-May-01,Drama,Sayed Sultan,409,Sanjay Dutt,37,Prakash Jha,0,1
tt0289845,Aks,2001,13-Jul-01,Thriller | Mystery,Renzil D'Silva (story) | Rakeysh Omprakash Mehra (screenplay) | Rakeysh Omprakash Mehra (story) | Kamlesh Pandey (dialogue) | Kamlesh Pandey (script),410,Parineeti Chopra,38,Sanjay Gupta,0,2
tt0290326,Tum Bin...: Love Will Find a Way,2001,13-Jul-01,Drama | Romance,Shashank Dabral (screenplay) | Anubhav Sinha (dialogue),411,Madhuri Dixit,39,Zoya Akhtar,0,4
tt0291376,Nayak: The Real Hero,2001,7-Sep-01,Drama | Action,Anurag Kashyap (dialogue) | S. Shankar (story),412,Preity Zinta,40,Madhur Bhandarkar,0,2
tt0292490,Dil Chahta Hai,2001,24-Jul-01,Comedy | Drama,Farhan Akhtar (story) | Kassim Jagmagia (story),413,Govinda,41,Vipul Amrutlal Shah,0,4
tt0292552,Hum Ho Gaye Aap Ke,2001,3-Aug-01,Musical,Sunil Kumar Agrawal (dialogue) | Ahathian (screenplay) | Ahathian (story),414,Emraan Hashmi,42,Pooja Bhatt,0,1
tt0292740,Yeh Raaste Hain Pyaar Ke,2001,10-Aug-01,Romance |Drama,Robin Bhatt | Deepak S. Shivdasani,415,Bipasha Basu,43,Anubhav Sinha,0,2
tt0293342,Lajja,2001,19-Sep-01,Drama | Musical | Crime,Ranjit Kapoor (dialogue) | Ashok Rawat (associate script) | Rajkumar Santoshi (dialogue) | Rajkumar Santoshi (screenplay) | Rajkumar Santoshi (story),416,Uday Chopra,44,Raj Kanwar,0,2
tt0294662,Kaante,2002,20-Dec-02,Action | Crime | Drama,Sanjay Gupta | Vinay | Yash | Milap Zaveri (dialogue),417,Aditya Roy Kapoor,45,Anurag Kashyap,0,3
tt0295603,Shirdi Sai Baba,2001,7-Sep-01,Drama | Mystery,Pandurang Dixit | Vikas Kapoor (story),418,Ritesh Deshmukh,46,Krishna D.K.,0,1
tt0296535,Bollywood Bound,2003,14-Jan-03,Documentary,N/A,419,Rishi Kapoor,47,Vikram Bhatt,0,1
tt0296574,Company,2002,15-Apr-02,Action | Crime | Thriller,Jaideep Sahni,420,Kangana Ranaut,48,Dibakar Banerjee,0,4
tt0297983,Ittefaq,2001,14-Sep-01,Action | Drama | Thriller,Imtiaz Patel (screenplay) | Imtiaz Patel (story) | Yunus Sajawal (screenplay) | Yunus Sajawal (story) | Sameer (lyrics),421,Dia Mirza,49,Shashilal K. Nair,0,1
tt0298606,Yeh Teraa Ghar Yeh Meraa Ghar,2001,12-Oct-01,Comedy | Drama,Priyadarshan (story) | Neeraj Vora (dialogue) | Neeraj Vora (screenplay),422,Amrish Puri,50,Rohan Sippy,0,2
tt0298607,Yeh Zindagi Ka Safar,2001,16-Nov-01,Drama,Gajra Kottary,423,Amrita Rao,51,Sangeeth Sivan,0,1
tt0299108,Rehnaa Hai Terre Dil Mein,2001,19-Oct-01,Musical,Gautham Menon (story) | Vipul D. Shah (dialogue) | Vipul D. Shah (story),424,Lara Dutta,52,Rajkumar Santoshi,0,2
tt0300028,Indian,2001,26-Oct-01,Action | Crime | Drama,Sanjay Masoom (dialogue),425,Om Puri,53,Sagar Ballary,0,6
tt0301179,Deewaanapan,2001,16-Nov-01,Romance |Drama,Rajesh Singh (dialogue script),426,Kiron Kher,54,Habib Faisal,0,2
tt0301240,Moksha: Salvation,2001,30-Nov-01,Drama | Thriller,Hriday Lani (dialogues) | Raj Marbros (screenplay) | Ashok Mehta (story),427,Mallika Sherawat,55,Satish Kaushik,0,1
tt0301250,Tera Mera Saath Rahen,2001,7-Nov-01,Drama,Deepak Kulkarni (dialogue) | Mahesh Manjrekar (screenplay) | Sameer (lyrics),428,Sonu Sood,56,Sujoy Ghosh,0,1
tt0302524,Ehsaas: The Feeling,2001,30-Nov-01,Drama,Deepak Kulkarni,429,Nana Patekar,57,Deepak S. Shivdasani,0,1
tt0303187,Veer Savarkar,2001,N/A,Biography | Drama,Ved Rahi,430,Vinod Khanna,58,Milind Ukey,0,1
tt0305173,Aamdani Atthanni Kharcha Rupaiya,2001,21-Dec-01,Comedy,Anwar Khan (dialogue) | V. Shekhar (story),431,Kalki Koechlin,59,Dev Anand,0,3
tt0305455,Pitaah,2002,4-Jan-02,Action | Drama,Ravi Shankar Jaiswal (additional dialogue) | Mahesh Manjrekar | K.K. Singh (dialogue) | Teja (screenplay) | Teja (story),432,Rani Mukerji,60,Raj Nidimoru,0,2
tt0306434,Aankhen,2002,27-Mar-02,Comedy | Thriller | Crime,Shobhana Desai (play) | Aatish Kapadia (screenplay) | Aatish Kapadia (story) | Aatish Kapadia | Vipul Amrutlal Shah (screenplay) | Vipul Amrutlal Shah (story),433,Rajkummar Rao,61,Kookie V. Gulati,0,4
tt0306840,Koi Mere Dil Se Poochhe,2002,11-Jan-02,Musical | Romance | Thriller,N/A,434,Tusshar Kapoor,62,Mani Shankar,0,2
tt0306855,Style,2001,28-Dec-01,Musical | Comedy,N. Chandra,435,Arjun Rampal,63,Nikhil Advani,0,5
tt0307116,Maa Tujhhe Salaam,2002,25-Jan-02,Action | Drama,Ravi Shankar Jaiswal (additional dialogue) | Tinnu Verma (story),436,Paresh Rawal,64,Pradeep Sarkar,0,3
tt0307682,Yeh Dil Aashiqanaa,2002,N/A,Action | Romance,N/A,437,Supriya Pathak,65,Ken Ghosh,0,4
tt0307866,Filhaal...,2002,1-Feb-02,Drama,Meghna Gulzar,438,Nawazuddin Siddiqui,66,Samir Karnik,0,1
tt0308347,Haan Maine Bhi Pyaar Kiya,2002,15-Feb-02,Musical | Romance,Dharmesh Darshan (dialogue) | Dharmesh Darshan (screenplay) | Naseem Mukri (dialogue) | Raj Sinha (dialogue) | Raj Sinha (screenplay) | Raj Sinha (story),439,Naseeruddin Shah,67,Arshad Khan,0,2
tt0309087,Yeh Mohabbat Hai,2002,8-Feb-02,Action | Romance,Usmon Azim (screenplay) | Rafiq Talukdar (screenplay) | Milap Zaveri (dialogue),440,Randeep Hooda,68,Govind Menon,0,1
tt0310254,Tumko Na Bhool Paayenge,2002,24-Feb-02,Action | Drama | Mystery,Rumi Jaffery,441,Jaya Bhaduri,69,Rajat Kapoor,0,2
tt0311411,Kranti,2002,27-Mar-02,Drama,Sanjay Masoom (dialogue),442,Karisma Kapoor,70,Rajat Mukherjee,0,2
tt0312664,Escape from Taliban,2003,14-Feb-03,Drama | Thriller | War,Sushmita Banerjee (book) | Ujjwal Chatterjee (screenplay) | Shubhrajyoti (dialogue),443,Sharman Joshi,71,Apoorva Lakhia,0,1
tt0312883,Kya Yehi Pyaar Hai,2002,10-Apr-02,Comedy | Musical | Romance,Javed Siddiqui,444,Boman Irani,72,Anant Mahadevan,0,4
tt0313395,Kitne Door... Kitne Paas,2002,1-May-02,Comedy | Romance,Mehul Kumar (screenplay) | Mehul Kumar (story) | Imtiaz Patel (dialogue) | Imtiaz Patel (screenplay) | Yunus Sajawal (dialogue) | Yunus Sajawal (screenplay),445,Satish Shah,73,Sriram Raghavan,0,1
tt0313743,Vadh,2002,29-Mar-02,Mystery | Thriller,N/A,446,Arshad Warsi,74,Dharmesh Darshan,0,1
tt0313844,16-Dec,2002,22-Mar-02,Action | Drama | Mystery,Mani Shankar (dialogue) | Mani Shankar (screenplay) | Mani Shankar (story),447,Raj Babbar,75,Aditya Datt,0,4
tt0314006,Dum,2003,24-Jan-03,Crime,Mehran (dialogue) | Mehran (screenplay) | Eeshwar Nivas (screenplay) | Bunty Soorma (story),448,Shilpa Shetty,76,Suneel Darshan,0,2
tt0314008,Durga,2002,28-Feb-02,Action |Crime,N/A,449,Vivek Oberoi,77,Shashant Shah,0,1
tt0314186,Humko Tumse Pyaar Hai,2006,24-Feb-06,Romance | Thriller,Ashok Roy (screenplay) | Javed Siddiqui (dialogue) | Bunty Soorma (story),450,Anupam Kher,78,Sudhir Mishra,0,1
tt0315632,Road,2002,27-Sep-02,Thriller,Rajnish Thakur,451,Sameera Reddy,79,Harry Baweja,0,3
tt0315767,Angaar: The Fire,2002,N/A,Action,N/A,452,Sunny Deol,80,Tigmanshu Dhulia,0,1
tt0315777,Ansh: The Deadly Part,2002,2-Apr-02,Musical | Action,Rajan Johri (dialogue) | Rajan Johri (screenplay) | Rajan Johri (story),453,Shraddha Kapoor,81,Kundan Shah,0,1
tt0316154,Lal Salaam,2002,3-May-02,Musical | Action | Drama,Suresh Dwadeshiwar (story) | Arshad Jamal,454,Akshaye Khanna,82,Deepak Tijori,0,1
tt0316911,Yeh Kaisi Mohabbat,2002,31-May-02,Musical | Drama | Romance,Y.N. Kapoor,455,Manish Chaudhary,83,Shashanka Ghosh,0,1
tt0317811,Kasam,2001,20-Nov-01,Adventure | Drama | Crime,Madan Joshi (dialogue) | Jyothika Mittra (idea) | Faiz Saleem (screenplay),456,Sunil Shetty,84,Rahul Rawail,0,2
tt0319020,Awara Paagal Deewana,2002,21-Jun-02,Action | Comedy | Crime,Anand S. Vardhan (story) | Mangesh Kulkarni (story) | Anand S. Vardhan (screenplay) | Mangesh Kulkarni (screenplay) | Neeraj Vora (dialogue),457,Sohail Khan,85,Raksha Mistry,0,4
tt0319736,The Legend of Bhagat Singh,2002,7-Jun-02,Biography | Drama | History,Ranjit Kapoor (additional dialogue) | Piyush Mishra (Hindi dialogue) | Anjum Rajabali (English dialogue) | Anjum Rajabali (screenplay) | Rajkumar Santoshi (additional dialogue),458,Esha Deol,86,Nagesh Kukunoor,0,1
tt0321067,Ab Ke Baras,2002,10-May-02,Adventure | Fantasy | Thriller,Robin Bhatt (screenplay) | Sutanu Gupta (screenplay) | Ravi Rai (dialogue),459,Pavan Malhotra,87,Mahesh Manjrekar,0,2
tt0322653,Mere Yaar Ki Shaadi Hai,2002,7-Jun-02,Comedy | Drama | Musical,Sanjay Gadhvi | Mayur Puri (dialogue) | Mayur Puri (screenplay),460,Sonali Kulkarni,88,Suparn Verma,0,5
tt0323013,Lakshya,2004,18-Jun-04,War | Drama | Romance,Javed Akhtar (dialogue) | Javed Akhtar (screenplay) | Javed Akhtar (story) | Karan Kashyap (dialogue supervisor),461,Rimi Sen,89,Ashwini Chaudhary,0,2
tt0324951,23rd March 1931: Shaheed,2002,7-Jun-02,Biography | Drama | History,Sutanu Gupta (screenplay) | Sanjay Masoom (dialogue),462,Sushmita Sen,90,Hansal Mehta,0,1
tt0325041,Badhaai Ho Badhaai,2002,14-Jun-02,Comedy | Drama | Musical,Kavita Choudhary,463,Gracy Singh,91,Karan Razdan,0,1
tt0326576,Humraaz,2002,26-Jul-02,Action | Musical | Mystery,Shiraz Ahmed (dialogue) | Shiraz Ahmed (screenplay) | Shiraz Ahmed (story) | Shyam Goel (dialogue) | Shyam Goel (screenplay) | Shyam Goel (story),464,Kunal Khemu,92,Eeshwar Nivas,0,4
tt0326600,Maine Dil Tujhko Diya,2002,23-Aug-02,Romance | Action | Drama,Ranjeet Gupta (staff writer),465,Juhi Chawla,93,Hasnain Hyderabadwala,0,2
tt0326805,Chori Chori,2003,1-Aug-03,Comedy | Romance | Musical,N/A,466,Vinay Pathak,94,Subhash Ghai,0,1
tt0326983,Jaani Dushman: Ek Anokhi Kahani,2002,16-Aug-02,Action | Fantasy | Horror,Naveena Bhandari (screenplay) | Ravi Shankar Jaiswal (additional dialogue) | Rajkumar Kohli (screenplay) | Rajendra Singh 'Atish' (idea) | K.K. Singh (dialogue),467,Dharmendra,95,Guddu Dhanoa,0,2
tt0327004,Kuch Tum Kaho Kuch Hum Kahein,2002,28-Jun-02,Action | Drama | Romance,N/A,468,Mohammed Zeeshan Ayyub,96,Kabir Sadanand,0,1
tt0327005,Kyaa Dil Ne Kahaa,2002,28-Jun-02,Family | Romance,N/A,469,Ranvir Shorey,97,Kanti Shah,0,2
tt0327071,Om Jai Jagadish,2002,8-Jul-02,Drama | Musical,Rumi Jaffery (dialogue) | Rahul Nanda,470,Genelia D'Souza,98,Robby Grewal,0,1
tt0328503,Taj Mahal: An Eternal Love Story,2005,1-May-06,Drama | Musical | Romance,Mohafiz Hyder (dialogue) | Akbar Khan | Fatima Meer (script) | Rajeev Mirza (dialogue),471,Isha Koppikar,99,Hriday Shetty,0,1
tt0328671,Yeh Hai Jalwa,2002,3-Jul-02,Comedy | Drama | Romance,Rumi Jaffery (dialogue) | Imtiaz Patel (screenplay) | Imtiaz Patel (story) | Yunus Sajawal (screenplay) | Yunus Sajawal (story),472,Soha Ali Khan,100,Anant Balani,0,2
tt0328729,Dil Maange More!!!,2004,31-Dec-04,Romance,Kiran Kotrial (additional dialogue) | Anant Mahadevan (story) | Javed Siddiqui (dialogue) | Javed Siddiqui (screenplay),473,Johnny Lever,101,Kabeer Kaushik,0,2
tt0328998,Dil Hai Tumhaara,2002,6-Sep-02,Drama | Family | Romance,Rajkumar Santoshi (screenplay) | Rajkumar Santoshi (story) | Kundan Shah (screenplay) | Subrat Sinha (dialogue),474,Ayesha Takia,102,Amol Shetge,0,3
tt0329620,Soch,2002,23-Aug-02,Thriller,Sushen Bhatnagar (screenplay) | Atul Tiwari (dialogue),475,Tia Bajpai,103,Pankaj Parashar,0,1
tt0330082,Boom,2003,19-Sep-03,Action | Crime | Mystery,Kaizad Gustad,476,Nasser,104,N/A,0,2
tt0330217,Dil Ka Rishta,2003,17-Jan-03,Romance,Shabbir Boxwala | Vrinda Rai (story) | Naeem Sha (dialogue),477,Saurabh Shukla,105,Rajiv S. Ruia,0,2
tt0330783,Pran Jaaye Par Shaan Na Jaaye,2003,2-May-03,Drama | Comedy,Mahesh Manjrekar (screenplay) | Sanjay Pawar (dialogue) | Sanjay Pawar (story),478,Konkona Sen Sharma,106,Ashu Trikha,0,1
tt0330843,Saathiya,2002,20-Dec-02,Drama | Romance,Mani Ratnam (story) | Gulzar (dialogue),479,Ameesha Patel,107,Tanuja Chandra,0,5
tt0331216,Chor Machaaye Shor,2002,23-Aug-02,Action | Comedy | Crime,Shahnawaz Ahmed Kenny (scenario) | Anwar Khan (dialogue) | Yunus Sajawal,480,Zayed Khan,108,Mehul Kumar,0,2
tt0331256,Gunaah,2002,16-Oct-02,Crime | Drama,Mahesh Bhatt (screenplay) | Pranay Narayan (dialogue),481,Neha Dhupia,109,Ashok Tyagi,0,2
tt0331421,Akhiyon Se Goli Maare,2002,2-Aug-02,Comedy,Rajeev Kaul (screenplay) | Rajeev Kaul (story) | Anwar Khan (dialogue) | Praful Parekh (screenplay) | Praful Parekh (story),482,Irrfan Khan,110,Chandan Arora,0,2
tt0331453,Chhal,2002,9-Aug-02,Action | Thriller | Drama,Suparn Verma (screenplay) | Suparn Verma (story) | Suparn Verma,483,Revathy,111,Rahat Kazmi,0,1
tt0331479,Ek Chhotisi Love Story,2002,6-Sep-02,Comedy | Drama | Fantasy,Pankaj Kapoor,484,Girish Karnad,112,Raj N. Sippy,0,6
tt0331639,Shakthi: The Power,2002,20-Sep-02,Action | Drama,Krishna Vamshi (screenplay) | Kamal Pandey (dialogue),485,Fardeen Khan,113,Ajai Sinha,0,2
tt0331851,Armaan,2003,16-May-03,Drama | Family | Romance,Javed Akhtar (dialogue) | Javed Akhtar (screenplay) | Honey Irani (screenplay) | Honey Irani (story),486,Mahesh Manjrekar,114,Shyam Ramsay,0,2
tt0332766,Sur: The Melody of Life,2002,13-Sep-02,Drama | Musical,Tanuja Chandra | Vibha Singh (dialogue),487,Shakti Kapoor,115,Jag Mundhra,0,1
tt0335044,Dil Vil Pyar Vyar,2002,18-Oct-02,Romance,Sanjeev Puri (dialogue) | Sujit Sen (screenplay) | Vivek Vaswani (story),488,Shiney Ahuja,116,Kalpana Lajmi,0,2
tt0335592,Pyaasa,2002,11-Oct-02,Romance |Drama |Musical,N/A,489,Lillete Dubey,117,Ajay Chandhok,0,1
tt0337578,Baghban,2003,3-Oct-03,Drama | Romance,Shafiq Ansari (screenplay) | Satish Bhatnagar (screenplay) | B.R. Chopra (story) | Ram Govind (screenplay) | Achala Nagar (dialogue) | Achala Nagar (screenplay),490,Shreyas Talpade,118,Puneet Sira,0,6
tt0337633,Hathyar: Face to Face with Reality,2002,18-Oct-02,Action | Thriller | Crime,Praveen Bhardwaj (lyrics) | Dev Kohli (lyrics) | Mahesh Manjrekar | Nitin Raikwar (lyrics) | Vineet Srinet (lyrics) | Sanjay Upadhyay (lyrics),491,Minissha Lamba,1,Rajkumar Hirani,1,2
tt0337652,Jeena Sirf Merre Liye,2002,20-Nov-02,Romance,Bolu Khan (story) | Aman Jaffery (story) | Aman Jaffery (dialogue) | Rumi Jaffery (screenplay) | Bolu Khan (dialogue),492,Jimmy Shergill,2,Farah Khan,0,2
tt0337971,Deewangee,2002,25-Oct-02,Crime | Thriller | Drama,Anees Bazmee,493,Manisha Koirala,3,Karan Johar,0,3
tt0337998,Ek Hindustani,2003,N/A,Action,Santosh Saroj,494,Atul Kulkarni,4,Sajid Khan,0,1
tt0338477,Talaash: The Hunt Begins...,2003,3-Jan-03,Action | Adventure | Crime,Suneel Darshan (story) | Robin Bhatt (screenplay) | K.K. Singh (dialogue) | Ravi Shankar Jaiswal (additional dialogue),495,Amrita Arora,5,Rohit Shetty,0,2
tt0338566,Yeh Kya Ho Raha Hai?,2002,11-Oct-02,Comedy | Romance,Suparn Verma (story) | Suparn Verma (screenplay),496,Neil Nitin Mukesh,6,Kabir Khan,0,2
tt0338721,Annarth,2002,1-Nov-02,Action | Thriller,Ravi Dewan | Imtiaz Hussain (screenplay) | Imtiaz Hussain (story),497,Rajat Kapoor,7,Anil Sharma,0,1
tt0338959,Ek Se Badhkar Ek,2004,17-Sep-04,Comedy | Thriller,Dilip Shukla,498,Aftab Shivdasani,8,Farhan Akhtar,0,1
tt0339878,Waah! Tera Kya Kehna,2002,1-Nov-02,Comedy,Rajeev Kaul,499,Ashmit Patel,9,Siddharth Anand,0,1
tt0340178,Jaal: The Trap,2003,18-Jul-03,Action | Musical | Drama,Rajeev Kaul | Praful Parekh,500,Dimple Kapadia,10,Anees Bazmee,0,1
tt0340464,Zindagi Khoobsoorat Hai,2002,4-Oct-02,Drama | Family,N/A,501,Urmila Matondkar,11,Prabhudheva,0,1
tt0341266,Bhoot,2003,30-May-03,Horror | Thriller,Lalit Marathe | Sameer Sharma,502,Danny Denzongpa,12,Shaad Ali,0,6
tt0341458,Maseeha,2002,2-Dec-02,Action | Crime | Drama,Pradeep Ghatak (screenplay) | Pradeep Ghatak (story) | Anwar Khan (dialogue) | Anwar Khan (screenplay),503,Ahsaas Channa,13,Anurag Basu,0,1
tt0341549,Rishtey,2002,6-Dec-02,Family,Rajeev Kaul (screenplay) | Rajeev Kaul (story) | Tanveer Khan (dialogue) | Praful Parekh (screenplay) | Praful Parekh (story),504,Prem Chopra,14,Mohit Suri,0,2
tt0341562,Satta,2003,7-Feb-03,Crime | Drama,Madhur Bhandarkar (dialogue) | Madhur Bhandarkar (story) | Manoj Tyagi (screenplay),505,Sushant Singh,15,Sanjay Leela Bhansali,0,2
tt0342624,Karz: The Burden of Truth,2002,6-Dec-02,Action,Anees Bazmee (dialogue) | Anees Bazmee (screenplay) | Amit Khan (additional screenplay) | Atul Sharma (story),506,Rahul Dev,16,Imtiaz Ali,0,2
tt0345043,Chura Liyaa Hai Tumne,2003,21-Mar-03,Action | Drama | Mystery,Venita Coelho (screenplay) | Sanjay Masoom (additional dialogue) | Vibha Singh (dialogue),507,Kay Kay Menon,17,Mani Ratnam,0,1
tt0345102,Danger,2002,17-May-02,Crime | Drama | Thriller,Vasant Chheda | Shashi Wadia,508,Darshan Jariwala,18,David Dhawan,0,2
tt0345594,Love at Times Square,2003,14-Feb-03,Drama,Dev Anand,509,Antara Mali,19,Aanand Rai,0,1
tt0346457,The Rising: Ballad of Mangal Pandey,2005,12-Aug-05,Biography | Drama | History,Farrukh Dhondy (screenplay) | Ranjit Kapoor (Hindi dialogue),510,Jackie Shroff,20,Ashwani Dhir,0,2
tt0346507,Andaaz,2003,23-May-03,Drama | Musical | Romance,Robin Bhatt (screenplay) | Shyam Goel (screenplay) | Jainendra Jain (dialogue) | Raj Kanwar (story),511,Vrajesh Hirjee,21,Raj Kumar Gupta,0,6
tt0346548,Avgat,2001,1-Jun-01,Action | Crime | Drama,N/A,512,Vicky Ahuja,22,Rakeysh Omprakash Mehra,0,1
tt0346723,Chalte Chalte,2003,13-Jun-03,Drama | Romance,Aziz Mirza (story) | Robin Bhatt (story) | Aziz Mirza (screenplay) | Robin Bhatt (screenplay) | Pramod Sharma (dialogue) | Ashish Kariya (dialogue) | Rumi Jaffery (dialogue),513,Sandhya Mridul,23,Sanjay Gadhvi,0,6
tt0347167,The Hero: Love Story of a Spy,2003,10-Apr-03,Action | Adventure | Drama,Shaktimaan Talwar,514,Arbaaz Khan,24,Indra Kumar,0,3
tt0347278,Jhankaar Beats,2003,20-Jun-03,Comedy | Musical | Romance,Sujoy Ghosh (story) | Milap Zaveri (dialogue) | Sujoy Ghosh (dialogue) | Suresh Nair (dialogue),515,Prachi Desai,25,Kunal Deshmukh,0,2
tt0347304,Kal Ho Naa Ho,2003,28-Nov-03,Comedy | Drama | Romance,Niranjan Iyengar (dialogue) | Karan Johar (screenplay) | Karan Johar (story),516,Ali Zafar,26,Kunal Kohli,0,6
tt0347332,Khakee,2004,23-Jan-04,Action | Drama,Shridhar Raghavan | Rajkumar Santoshi (dialogue) | Rajkumar Santoshi,517,Udita Goswami,27,Abhishek Kapoor,0,4
tt0347416,LOC: Kargil,2003,12-Dec-03,Drama | War,J.P. Dutta | O.P. Dutta (dialogue),518,Rana Jung Bahadur,28,N. Chandra,0,2
tt0347473,Main Hoon Na,2004,30-Apr-04,Action | Comedy | Romance,Farah Khan (story) | Abbas Tyrewala (screenplay) | Farah Khan (screenplay) | Rajesh Saathi (screenplay) | Abbas Tyrewala (dialogue),519,Abhay Deol,29,Priyadarshan,0,6
tt0347779,Pinjar,2003,N/A,Drama,Chandra Prakash Dwivedi (additional dialogue) | Chandra Prakash Dwivedi (screenplay) | Amrita Pritam (dialogue) | Amrita Pritam (novel) | Amrita Pritam (story),520,Neetu Chandra,30,Shoojit Sircar,0,1
tt0348172,Tehzeeb,2003,21-Nov-03,Drama,Khalid Mohamed (story) | Javed Siddiqui (dialogue),521,Sanjay Mishra,31,Ashutosh Gowariker,0,1
tt0348190,Tere Liye,2001,14-Dec-01,Drama | Family | Musical,Anant Balani | Abbas Tyrewala (lyrics),522,Priyanshu Chatterjee,32,Ram Gopal Varma,0,1
tt0348258,Tujhe Meri Kasam,2003,3-Jan-03,Romance,Neeraj Vora (dialogue),523,Raveena Tandon,33,Vishal Bhardwaj,0,6
tt0348521,Aapko Pehle Bhi Kahin Dekha Hai,2003,10-Jan-03,Action | Comedy | Drama,Shashank Dabral | Nitin Raikwar (lyrics) | Rajan Raj (lyrics) | Sameer (lyrics) | Anubhav Sinha (dialogue),524,Alok Nath,34,Abbas Alibhai Burmawalla,0,1
tt0348656,Khushi,2003,7-Feb-03,Action | Drama | Romance,Aman Jaffery (dialogue) | Bolu Khan (dialogue) | Surya S.J. (story),525,Mahie Gill,35,Mastan Alibhai Burmawalla,0,2
tt0348662,Kucch To Hai,2003,24-Jan-03,Drama | Horror | Mystery,Rajeev Jhaveri (story) | Anurag Prapanna (dialogue) | Umesh Shukla (dialogue),526,Sharat Saxena,36,Milan Luthria,0,2
tt0348824,Chalo Ishq Ladaaye,2002,27-Dec-02,Comedy | Romance,Imtiaz Patel | Yunus Sajawal,527,Mithun Chakraborty,37,Prakash Jha,0,1
tt0348843,Jism,2003,17-Jan-03,Drama | Romance | Thriller,Mahesh Bhatt | Niranjan Iyengar (dialogue),528,Bobby Deol,38,Sanjay Gupta,0,6
tt0349058,88 Antop Hill,2003,27-Jun-03,Thriller,Kushan Nandy (story) | Kiran Shroff (story),529,Tinnu Anand,39,Zoya Akhtar,0,1
tt0349115,Baaz: A Bird in Danger,2003,7-Feb-03,Thriller,Shyam Goel (story) | Sanjay Masoom (dialogues) | Mehboob (lyrics),530,Manjari Phadnis,40,Madhur Bhandarkar,0,1
tt0349333,Darna Mana Hai,2003,25-Jul-03,Horror | Adventure,Atul Sabharwal | Rajnish Thakur | Abbas Tyrewala,531,Kunal Kapoor,41,Vipul Amrutlal Shah,0,3
tt0349620,Inteqam: The Perfect Game,2004,1-Nov-04,Action |Romance,Rajiv Babbar (story) | Shahnawaz Ahmed Kenny (scenario) | Yunus Sajawal (screenplay) | Jalees Sherwani (dialogue),532,Ayub Khan,42,Pooja Bhatt,0,1
tt0349679,Khwahish,2003,6-Jun-03,Drama | Romance | Musical,Govind Menon (screenplay) | Shashi Wadia (dialogue),533,Kashmira Shah,43,Anubhav Sinha,0,4
tt0349703,Kyun! Ho Gaya Na...,2004,13-Aug-04,Comedy | Drama | Romance,Tushar Hiranandani (dialogues) | Tushar Hiranandani (screenplay) | Samir Karnik | Vivek Oberoi (dialogues) | Vivek Oberoi (screenplay) | Rajesh Soni (dialogues) | Rajesh Soni (screenplay) | Milap Zaveri (dialogues) | Milap Zaveri (screenplay),534,Deepak Dobriyal,44,Raj Kanwar,0,2
tt0352314,Ek Hasina Thi,2004,24-Feb-04,Crime | Romance | Thriller,Sriram Raghavan | Pooja Ladha Surti,535,Rajpal Yadav,45,Anurag Kashyap,0,2
tt0352489,Kash... Aap Hamare Hote,2003,14-Feb-03,Family | Musical | Romance,Ravindra Peepat (screenplay) | Atul Tiwari (dialogue) | Atul Tiwari (screenplay),536,Divya Dutta,46,Krishna D.K.,0,1
tt0352830,Sssshhh...,2003,24-Oct-03,Horror | Mystery,Arshad Sayed,537,Rajat Bedi,47,Vikram Bhatt,0,3
tt0353351,Dhund: The Fog,2003,21-Feb-03,Adventure | Thriller,S. Kahn (screenplay) | Sajeev Kapoor (dialogue),538,Rahul Bose,48,Dibakar Banerjee,0,1
tt0354538,Ek Aur Ek Gyarah: By Hook or by Crook,2003,28-Mar-03,Action | Comedy | Musical,Aman Jaffery (dialogue) | Shahnawaz Ahmed Kenny (scenario) | Bolu Khan (dialogue) | Yunus Sajawal (screenplay),539,Parvin Dabas,49,Shashilal K. Nair,0,3
tt0354786,Oops!,2003,N/A,Drama,Bijesh Jayarajan (dialogue) | Deepak Tijori,540,Asrani,50,Rohan Sippy,0,1
tt0356982,Paanch,2003,22-Apr-06,Crime | Thriller,Anurag Kashyap,541,Raghuvir Yadav,51,Sangeeth Sivan,0,1
tt0357208,Stumped,2003,16-May-03,Comedy | Drama,Gaurav Pandey | Abbas Tyrewala (lyrics),542,Avtar Gill,52,Rajkumar Santoshi,0,1
tt0358613,Om,2003,21-Mar-03,Action | Romance,Naeem-Ejaz (dialogue),543,Aashish Chaudhary,53,Sagar Ballary,0,1
tt0362204,Supari,2003,20-Jun-03,Crime | Drama,Padam Kumar (screenplay) | Atul Sabharwal (additional dialogue) | Mushtaq Sheikh (screenplay) | Sutapa Sikdar (dialogue) | Anuradha Tiwari (screenplay),544,Laxmikant Berde,54,Habib Faisal,0,1
tt0362696,Haasil,2003,16-May-03,Crime | Drama | Romance,Tigmanshu Dhulia (dialogue) | Tigmanshu Dhulia (script) | Tigmanshu Dhulia (story),545,Nandita Das,55,Satish Kaushik,0,1
tt0362771,Ishq Vishk,2003,10-Apr-03,Comedy | Romance,Ken Ghosh (story) | Kiran Kotrial (dialogue) | Vinod Ranganathan (screenplay),546,Mukesh Tiwari,56,Sujoy Ghosh,0,4
tt0362902,Nayee Padosan,2003,6-Jun-03,Comedy,Ikram Akhtar (screenplay) | Ikram Akhtar (story) | Raghuvir Shekhawat (dialogue),547,Mahima Chaudhry,57,Deepak S. Shivdasani,0,3
tt0363409,Aan: Men at Work,2004,4-Jun-04,Drama | Action,Hriday Lani (dialogue) | Sanjeev Puri (screenplay) | Sanjeev Puri (story) | Manoj Tyagi (screenplay) | Manoj Tyagi (story),548,Shahana Goswami,58,Milind Ukey,0,1
tt0363472,Bewafaa,2005,25-Feb-05,Drama,Dharmesh Darshan,549,Tara Sharma,59,Dev Anand,0,3
tt0363721,Joggers' Park,2003,12-Sep-03,Comedy | Romance,Subhash Ghai (story),550,Smita Jaykar,60,Raj Nidimoru,0,2
tt0363833,Mumbai Se Aaya Mera Dost,2003,22-Aug-03,Romance | Action | Adventure,Apoorva Lakhia,551,Gulshan Grover,61,Kookie V. Gulati,0,1
tt0364303,Dev,2004,11-Jun-04,Drama,G.P. Deshpande (dialogue) | Nida Fazli (dialogue) | Govind Nihalani (dialogue) | Meenakshi Sharma (dialogue) | Meenakshi Sharma (script) | Meenakshi Sharma (story),552,Vidya Malvade,62,Mani Shankar,0,2
tt0364604,Plan,2004,9-Jan-04,Action | Thriller,Sanjay Gupta (story) | Vinay (screenplay) | Yash (screenplay) | Milap Zaveri (dialogue),553,Yashpal Sharma,63,Nikhil Advani,0,2
tt0364621,Qayamat: City Under Threat,2003,11-Jul-03,Action | Romance | Thriller,Pathik Vats (dialogue) | Suparn Verma (screenplay),554,Manoj Bajpayee,64,Pradeep Sarkar,0,4
tt0366276,Calcutta Mail,2003,30-Jun-03,Thriller,Gunasekhar (story) | Sudhir Mishra (screenplay) | Ruchi Narain (screenplay) | Saurabh Shukla (dialogue) | Saurabh Shukla (screenplay),555,Ashutosh Rana,65,Ken Ghosh,0,1
tt0366630,Janasheen,2003,12-Sep-03,Musical | Action | Drama,Shiraz Ahmed (screenplay) | Feroz Khan | Kamlesh Pandey (dialogue) | Suparn Verma (screenplay) | Suparn Verma (story),556,Ravi Kishan,66,Samir Karnik,0,2
tt0366658,Kaise Kahoon Ke... Pyaar Hai,2003,9-May-03,Crime | Romance,Sameer Arora (dialogue),557,Nafisa Ali,67,Arshad Khan,0,1
tt0366761,Meenaxi: Tale of 3 Cities,2004,2-Apr-04,Romance |Drama,Owais Husain (story) | M.F. Hussain (dialogue) | M.F. Hussain (story),558,Arunoday Singh,68,Govind Menon,0,1
tt0366880,Parwana,2003,12-Sep-03,Romance |Drama,Rajeev Kaul (screenplay) | Rajeev Kaul (story) | Tanveer Khan (dialogue) | Praful Parekh (screenplay) | Praful Parekh (story),559,Omkar Das Manikpuri,69,Rajat Kapoor,0,2
tt0366985,Rudraksh,2004,13-Feb-04,Fantasy | Sci-Fi,Mani Shankar (screenplay) | Mani Shankar (story),560,Himanshu Malik,70,Rajat Mukherjee,0,1
tt0367110,Swades,2004,17-Dec-04,Drama,M.G. Sathya (story) | Ashutosh Gowariker (story) | Ashutosh Gowariker (screenplay) | Sameer Sharma (screenplay) | Lalit Marathe (screenplay) | Amin Hajee (screenplay) | Charlotte Whitby-Coles (screenplay) | Yashodeep Nigudkar (screenplay) | Ayan Mukherjee (screenplay) | K.P. Saxena (dialogue),561,Mimoh Chakraborty,71,Apoorva Lakhia,0,2
tt0368580,Asambhav,2004,23-Jul-04,Action | Adventure | Drama,Rajiv Rai | Naeem Sha (dialogue) | Naeem Sha (screenplay),562,Nushrat Bharucha,72,Anant Mahadevan,0,1
tt0368683,Desh,2002,N/A,Drama,Animesh Rai Chaudhary (assistant screenplay writer) | Prafulla Roy (novel) | Salil Sarkar (dialogue) | Salil Sarkar (screenplay) | Raja Sen (screenplay),563,Sarika,73,Sriram Raghavan,0,1
tt0368811,Jajantaram Mamantaram,2003,30-May-03,Fantasy | Family,N/A,564,Hema Malini,74,Dharmesh Darshan,0,1
tt0369516,Hawa,2003,4-Jul-03,Horror | Thriller,Sutanu Gupta (screenplay) | Sutanu Gupta (story) | Sanjay Masoom (dialogue),565,Krishna Bhatt,75,Aditya Datt,0,3
tt0369637,Kuch Naa Kaho,2003,26-Aug-03,Drama | Romance,Rohena Gera (story) | Naushil Mehta (dialogue) | Nidhi Tuli (dialogue) | Neeraj Vora (screenplay),566,Dino Morea,76,Suneel Darshan,0,2
tt0371735,Hungama,2003,1-Aug-03,Comedy | Drama | Romance,Priyadarshan (story) | Priyadarshan (screenplay) | Neeraj Vora (dialogue),567,Tanushree Dutta,77,Shashant Shah,0,5
tt0371775,Khel,2003,11-Nov-03,Action | Thriller,N/A,568,Zakir Hussain,78,Sudhir Mishra,0,2
tt0371922,Saaya,2003,4-Jul-03,Action | Drama | Horror,Amol Shetge (screenplay),569,Asif Basra,79,Harry Baweja,0,2
tt0373856,Gangaajal,2003,29-Aug-03,Crime | Drama,Prakash Jha (screenplay),570,Sachin Khedekar,80,Tigmanshu Dhulia,0,4
tt0373970,Khanjar,2003,27-Jun-03,Action,Saroj Khan (dialogue) | Saroj Khan (screenplay),571,Celina Jaitly,81,Kundan Shah,0,1
tt0373972,Khullam Khulla Pyaar Karen,2005,28-Apr-05,Comedy,Rajeev Kaul (screenplay) | Anwar Khan (dialogue) | Anwar Khan (story) | Praful Parekh (screenplay),572,Raima Sen,82,Deepak Tijori,0,1
tt0374271,Tere Naam,2003,15-Aug-03,Romance,Bala (original story and screenplay) | Jainendra Jain (dialogue),573,Gul Panag,83,Shashanka Ghosh,0,5
tt0374660,Footpath,2003,15-Aug-03,Action | Crime | Drama,Mahesh Bhatt (screenplay) | Girish Dhamija (dialogue) | Vibha Singh (screenplay),574,Rakesh Bedi,84,Rahul Rawail,0,2
tt0374848,Main Madhuri Dixit Banna Chahti Hoon!,2003,7-Oct-03,Drama | Comedy,Makrand Deshpande (idea),575,Rati Agnihotri,85,Raksha Mistry,0,1
tt0374887,Munnabhai M.B.B.S.,2003,19-Dec-03,Comedy | Crime,Vidhu Vinod Chopra | Rajkumar Hirani | Lajan Joseph | Abbas Tyrewala (dialogue),576,Ali Fazal,86,Nagesh Kukunoor,0,6
tt0375611,Black,2005,4-Feb-05,Drama,Sanjay Leela Bhansali (screenplay) | Bhavani Iyer (English dialogue) | Bhavani Iyer (screenplay) | Prakash Kapadia (screenplay),577,Aarti Chhabria,87,Mahesh Manjrekar,0,4
tt0375733,Encounter: The Killing,2002,9-Aug-02,Crime | Drama,Ajay Phansekar,578,Satish Kaushik,88,Suparn Verma,0,1
tt0377126,Basti,2003,8-Aug-03,Action | Crime,N/A,579,Seema Biswas,89,Ashwini Chaudhary,0,1
tt0377131,Raghu Romeo,2003,18-Jun-04,Comedy,Rajat Kapoor (screenplay) | Sanjeev Sharma (script & lyrics) | Saurabh Shukla (dialogue),580,Sanjay Suri,90,Hansal Mehta,0,1
tt0377340,Aetbaar,2004,23-Jan-04,Drama | Musical | Romance,Robin Bhatt (screenplay) | Vikram Bhatt (story) | Girish Dhamija (dialogue) | Sanjeev Duggal (screenplay),581,Arun Bakshi,91,Karan Razdan,0,1
tt0378025,Hawayein,2003,22-Aug-03,Drama | Romance,Ammtoje Mann (screenplay) | Harjit Singh (dialogue),582,Arya Babbar,92,Eeshwar Nivas,0,1
tt0378072,Hum Tum,2004,28-May-04,Drama | Romance | Comedy,Siddharth Anand (screenplay) | Kunal Kohli,583,Namrata Shirodkar,93,Hasnain Hyderabadwala,0,6
tt0378157,Kagaar: Life on the Edge,2003,10-Oct-03,Crime | Drama,Sujit Sen,584,Dipannita Sharma,94,Subhash Ghai,0,1
tt0379818,I Proud to Be an Indian,2004,13-Feb-04,Action,Vekeana Dhillon | Puneet Sira,585,Manu Rishi Chadha,95,Guddu Dhanoa,0,1
tt0380337,Ek Din 24 Ghante,2003,7-Nov-03,Thriller,N/A,586,Sharad S. Kapoor,96,Kabir Sadanand,0,1
tt0381090,Chupke Se,2003,12-Sep-03,Comedy | Musical | Romance,Abbas Tyrewala | Shona Urvashi,587,Farida Jalal,97,Kanti Shah,0,1
tt0381408,Market,2003,12-Sep-03,Drama | Musical,Miraq Mirza (screenplay) | Arshad Sidhiqi (story),588,Mugdha Godse,98,Robby Grewal,0,3
tt0382176,Master,2001,N/A,Action,Suneil Anand (story) | Raajesh Johri (dialogue),589,Riya Sen,99,Hriday Shetty,0,1
tt0382188,Mumbai Matinee,2003,26-Sep-03,Romance | Comedy,Anant Balani,590,Bhoomika Chawla,100,Anant Balani,0,1
tt0382383,Yuva,2004,22-May-04,Action | Adventure | Crime,Anurag Kashyap (dialogue) | Mani Ratnam (screenplay),591,Tulip Joshi,101,Kabeer Kaushik,0,3
tt0382385,Zameen,2003,26-Sep-03,Action,Robin Bhatt (additional screenplay) | Javed Siddiqui (dialogue) | Suparn Verma (screenplay) | Suparn Verma (story),592,Vijay Raaz,102,Amol Shetge,0,3
tt0383719,Xcuse Me,2003,26-Sep-03,Comedy,N/A,593,Hrishitaa Bhatt,103,Pankaj Parashar,1,1
tt0384491,Samay: When Time Strikes,2003,10-Oct-03,Thriller,Robby Grewal | Sameer Kohli,594,Dinesh Hingoo,104,N/A,0,1
tt0385351,Yeh Lamhe Judaai Ke,2004,9-Apr-04,Drama,N/A,595,Sadashiv Amrapurkar,105,Rajiv S. Ruia,0,1
tt0385564,Border Hindustan Ka,2003,20-Jun-03,Action | Romance,N/A,596,Mohnish Bahl,106,Ashu Trikha,0,1
tt0385782,Inteha,2003,24-Oct-03,Romance |Musical |Drama,Mahesh Bhatt | Girish Dhamija (dialogue),597,Farooq Shaikh,107,Tanuja Chandra,0,1
tt0385982,Raja Bhaiya,2003,24-Oct-03,Comedy | Drama,N/A,598,Vikram Gokhale,108,Mehul Kumar,0,1
tt0386121,Woh Tera Naam Tha,2004,N/A,Romance,J.P. Chowksey,599,Govind Namdeo,109,Ashok Tyagi,0,1
tt0387164,Dhoop,2003,7-Nov-03,Drama,Kumud Chaudhary (dialogue) | Kumud Chaudhary (story) | Sanjay Chauhan (dialogue),600,Kurush Deboo,110,Chandan Arora,0,1
tt0387325,Jodi Kya Banayi Wah Wah Ramji,2003,14-Nov-03,Comedy,Robin Bhatt | Anurag Prapanna | Umesh Shukla,601,Sahil Khan,111,Rahat Kazmi,0,1
tt0387486,Patth,2003,7-Nov-03,Drama,Salaam Khamboshi (dialogue) | Salaam Khamboshi (screenplay) | Salaam Khamboshi (story),602,Yash Tonk,112,Raj N. Sippy,0,1
tt0387678,Waisa Bhi Hota Hai Part II,2003,14-Nov-03,Comedy | Action | Crime,Javed Ahmed (screenplay) | Shashanka Ghosh (dialogue) | Junaid Memon (original script),603,Ishrat Ali,113,Ajai Sinha,0,1
tt0387989,Deewaar: Let's Bring Our Heroes Home,2004,25-Jun-04,War | Action | Drama,Anurag Kashyap (dialogue) | Shridhar Raghavan (screenplay),604,Milind Gunaji,114,Shyam Ramsay,0,1
tt0388315,Out of Control,2003,21-Nov-03,Comedy | Drama | Romance,Rakesh Bakshi (screenplay) | Rakesh Bakshi (story) | Aman Jaffery (dialogue) | Bolu Khan (dialogue) | Dev Kohli (lyrics) | Sanjeev Wadhwani (lyrics),605,Sudesh Berry,115,Jag Mundhra,0,2
tt0389726,Aanch,2003,26-Sep-03,Drama,Kamal Pandey,606,Rajit Kapoor,116,Kalpana Lajmi,0,1
tt0390532,Taj Mahal: A Monument of Love,2003,21-Nov-03,Drama | History | Romance,N/A,607,Nassar Abdulla,117,Ajay Chandhok,0,1
tt0390614,Waqt: The Race Against Time,2005,22-Apr-05,Comedy | Drama | Musical,Aatish Kapadia,608,Snehal Dabi,118,Puneet Sira,0,4
tt0391079,Dil Pardesi Ho Gayaa,2003,12-Dec-03,Romance | Drama,Shyam Gupta (dialogue) | Shyam Gupta (screenplay) | Saawan Kumar Tak (story),609,Sandali Sinha,1,Rajkumar Hirani,0,1
tt0391099,Duplicate Sholay,2002,N/A,Comedy,N/A,610,Kader Khan,2,Farah Khan,0,2
tt0391165,Fun2shh... Dudes in the 10th Century,2003,19-Dec-03,Comedy,Rajesh Khattar (screenplay) | Imtiaz Punjabi (story) | Praveen Raj (screenplay),611,Rajeev Khandelwal,3,Karan Johar,0,2
tt0391187,Ghaav: The Wound,2002,N/A,Action | Crime | Drama,N/A,612,Anupama Verma,4,Sajid Khan,0,1
tt0391274,Kismat,2004,20-Feb-04,Action | Drama,Robin Bhatt (screenplay) | Sutanu Gupta (screenplay) | Dilip Shukla (dialogue),613,Anang Desai,5,Rohit Shetty,0,1
tt0392625,Pratha,2002,N/A,Action | Drama | Thriller,N/A,614,Himesh Reshammiya,6,Kabir Khan,0,1
tt0392950,Ishq Hai Tumse,2004,2-Jan-04,Romance,Raman Bharadwaj (dialogue) | G. Krishna (screenplay) | Sana Yadi Reddy (concept),615,Bharati Achrekar,7,Anil Sharma,0,1
tt0392951,Mudda: The Issue,2003,12-Dec-03,Drama,Saurabh Shukla,616,Ashish Vidyarthi,8,Farhan Akhtar,0,1
tt0396044,Hadh: Life on the Edge of Death,2001,N/A,Action | Crime | Drama,N/A,617,Purab Kohli,9,Siddharth Anand,0,1
tt0396057,Hum Pyar Tumhi Se Kar Baithe,2002,8-Nov-02,Musical | Romance,Mohan Singh Rathor (dialogue) | Mohan Singh Rathor (screenplay) | Mohan Singh Rathor (story),618,Ila Arun,10,Anees Bazmee,0,1
tt0396690,Kisna: The Warrior Poet,2005,21-Jan-05,Drama | Musical | Romance,Sachin Bhowmick | Farrukh Dhondy | Subhash Ghai | Margaret Glover,619,Ram Kapoor,11,Prabhudheva,0,1
tt0396782,Paisa Vasool,2004,9-Jan-04,Comedy,Srinivas Bhashyam | Anurag Kashyap,620,Manoj Joshi,12,Shaad Ali,0,1
tt0397882,Ab Tumhare Hawale Watan Saathiyo,2004,24-Dec-04,Action | Drama | Romance,Shaktimaan Talwar (dialogue) | Shaktimaan Talwar (screenplay) | Shaktimaan Talwar (story),621,Preeti Jhangiani,13,Anurag Basu,0,1
tt0401532,Jaago,2004,6-Feb-04,Drama,K.K. Singh (dialogue) | K.K. Singh (screenplay) | K.K. Singh (story),622,Jacky Bhagnani,14,Mohit Suri,0,1
tt0402014,Ab Tak Chhappan,2004,27-Feb-04,Crime | Drama | Thriller,Sandeep Srivastava (dialogue) | Sandeep Srivastava (screenplay),623,Anuj Sawhney,15,Sanjay Leela Bhansali,0,5
tt0402606,Suno Sasurjee,2004,27-Feb-04,Action | Comedy | Musical,Rajeev Kaul (screenplay) | Rajeev Kaul (story) | Anwar Khan (dialogue) | Praful Parekh (screenplay) | Praful Parekh (story),624,Neha Sharma,16,Imtiaz Ali,0,1
tt0402607,Tum: A Dangerous Obsession,2004,27-Feb-04,Drama | Romance | Thriller,Manisha Korde (dialogue) | Aruna Raje (screenplay) | Aruna Raje (story),625,Neena Gupta,17,Mani Ratnam,0,2
tt0403935,Action Jackson,2014,5-Dec-14,Action | Drama | Romance,A.C. Mughil | Prabhudheva | Shiraz Ahmed (dialogue),626,Gajendra Chouhan,18,David Dhawan,0,2
tt0405024,Hum Kaun Hai?,2004,3-Sep-04,Horror | Drama | Mystery,Talat Rekhi,627,Perizaad Zorabian,19,Aanand Rai,0,1
tt0405046,Insaaf: The Justice,2004,5-Mar-04,Drama,Anant Balani | Chinton Mokashi | Sudhindra Subhash,628,Aryan Vaid,20,Ashwani Dhir,0,1
tt0405266,Raincoat,2004,24-Dec-04,Drama | Romance,"Rituparno Ghosh (original dialogue) | O. Henry (adapted from the story ""Gift of Magi"")",629,Prateik,21,Raj Kumar Gupta,0,1
tt0405507,Murder,2004,2-Apr-04,Drama | Thriller,Anurag Basu | Subodh Chopra (dialogue),630,Sayaji Shinde,22,Rakeysh Omprakash Mehra,0,7
tt0405508,Rang De Basanti,2006,26-Jan-06,Drama,Renzil D'Silva (screenplay) | Rakeysh Omprakash Mehra (screenplay) | Kamlesh Pandey (story),631,Anita Hassandani,23,Sanjay Gadhvi,0,6
tt0406977,Masti,2004,9-Apr-04,Comedy | Crime | Mystery,Milap Zaveri (screenplay) | Tushar Hiranandani (screenplay) | Milap Zaveri (dialogue),632,Pooja Batra,24,Indra Kumar,0,6
tt0408837,Hawas,2004,26-Mar-04,Drama | Romance | Thriller,N/A,633,Vatsal Seth,25,Kunal Deshmukh,0,2
tt0408976,Krishna Cottage,2004,2-Apr-04,Comedy | Fantasy | Horror,N/A,634,Suman Ranganathan,26,Kunal Kohli,0,2
tt0409068,Muskaan,2004,26-Mar-04,Romance,Atul Sharma,635,Javed Jaffrey,27,Abhishek Kapoor,0,1
tt0409527,Shabd,2005,4-Feb-05,Drama,Sutapa Sikdar (dialogue) | Leena Yadav (screenplay) | Leena Yadav (story),636,Mukesh Bhatt,28,N. Chandra,0,1
tt0409724,Bardaasht,2004,23-Apr-04,Drama,Vikram Bhatt (screenplay) | Vikram Bhatt (story) | Girish Dhamija (dialogue),637,Arjan Bajwa,29,Priyadarshan,0,1
tt0410591,Shart: The Challenge,2004,13-Aug-04,Romance,Puri Jagannadh,638,Kabir Bedi,30,Shoojit Sircar,0,1
tt0411815,Run,2004,14-May-04,Action | Comedy | Romance,N. Linguswamy (story) | N. Linguswamy (screenplay) | Kamal Pandey (dialogue),639,Mukul Dev,31,Ashutosh Gowariker,0,2
tt0414040,Gayab,2004,16-Jul-04,Fantasy,N/A,640,Shawar Ali,32,Ram Gopal Varma,0,3
tt0414503,Shaadi Ka Laddoo,2004,23-Apr-04,Comedy,Shashank Dabral,641,Ayesha Jhulka,33,Vishal Bhardwaj,0,2
tt0414713,Amu,2005,7-Jan-05,Drama,Shonali Bose,642,Rajesh Khanna,34,Abbas Alibhai Burmawalla,0,1
tt0414714,Girlfriend,2004,17-Jun-04,Drama,Karan Razdan,643,Birbal,35,Mastan Alibhai Burmawalla,0,3
tt0415003,Garv: Pride and Honour,2004,9-Jul-04,Action | Drama,Anirudh Dhodapkar (dialogue),644,Sayali Bhagat,36,Milan Luthria,0,3
tt0415373,WOH,2004,26-Mar-04,Crime | Drama | Thriller,Suneel Akhttar (dialogues) | Robin Bhatt (story) | Tapan Bhatt (dialogues) | Dev Kohli (lyrics),645,Kiran Kumar,37,Prakash Jha,0,1
tt0415768,Dus,2005,8-Jul-05,Action | Crime | Thriller,Anubhav Sinha (dialogue) | Vinay | Yash,646,Chunky Pandey,38,Sanjay Gupta,0,4
tt0415908,Kaal,2005,29-Apr-05,Thriller | Adventure | Mystery,Soham Shah (dialogue) | Soham Shah (screenplay) | Soham Shah (story),647,Mandira Bedi,39,Zoya Akhtar,0,4
tt0416120,Police Force: An Inside Story,2004,28-May-04,Action | Crime | Drama,Dilip Shukla,648,Makrand Deshpande,40,Madhur Bhandarkar,0,1
tt0416282,Vaastu Shastra,2004,22-Oct-04,Horror | Mystery,Charudutt Acharya,649,Aditya Srivastava,41,Vipul Amrutlal Shah,0,3
tt0416712,Elaan,2005,14-Jan-05,Action,Robin Bhatt | Vikram Bhatt,650,Nauheed Cyrusi,42,Pooja Bhatt,0,1
tt0418096,Rakht,2004,1-Sep-04,Horror | Thriller,Deepak Kulkarni (dialogue) | Deepak Kulkarni (story) | Vinay (screenplay) | Yash (screenplay),651,Abhay Bhargav,43,Anubhav Sinha,0,1
tt0418362,Mujhse Shaadi Karogi,2004,30-Jul-04,Comedy | Romance,Anees Bazmee | Rumi Jaffery (dialogue),652,Prashant Narayanan,44,Raj Kanwar,0,6
tt0418460,Aitraaz,2004,12-Nov-04,Drama | Thriller,Shiraz Ahmed (screenplay) | Shiraz Ahmed (story) | Aadesh K. Arjun (dialogue) | Shyam Goel (screenplay) | Shyam Goel (story),653,Puru Rajkumar,45,Anurag Kashyap,0,4
tt0418598,"Chot [Aaj Isko, Kal Tereko]",2004,18-Jun-04,Musical | Action | Crime,Nabh Kumar 'Raju' (story) | Atul Tiwari (dialogue) | Atul Tiwari (screenplay),654,Rohini Hattangadi,46,Krishna D.K.,0,1
tt0418880,Mere Jeevan Saathi,2006,3-Feb-06,Music | Romance,Suneel Darshan (story) | Robin Bhatt (screenplay) | K.K. Singh (dialogue) | Ravi Shankar Jaiswal (additional dialogue),655,Mukesh Ahuja,47,Vikram Bhatt,0,1
tt0419058,Phir Hera Pheri,2006,9-Jun-06,Comedy | Crime,Neeraj Vora,656,Nagesh Bhonsle,48,Dibakar Banerjee,1,7
tt0419468,Baabul,2006,8-Dec-06,Drama | Family | Romance,Ravi Chopra (story) | Achala Nagar | Sameer (lyrics),657,Shweta Bhardwaj,49,Shashilal K. Nair,0,2
tt0419828,Hyderabad Blues 2,2004,2-Jul-04,Drama | Comedy,Nagesh Kukunoor,658,Vikas Anand,50,Rohan Sippy,0,1
tt0419974,Morning Raga,2004,18-Mar-05,Drama,Mahesh Dattani (story),659,Akhilendra Mishra,51,Sangeeth Sivan,0,1
tt0420123,Revati,2005,7-May-05,Drama,Farogh Siddique,660,Rituparna Sengupta,52,Rajkumar Santoshi,0,1
tt0420304,Viruddh... Family Comes First,2005,22-Jul-05,Drama,Mahesh Manjrekar | Sanjay Pawar (dialogue) | Vinay (screenplay) | Yash (screenplay),661,Hazel Croney,53,Sagar Ballary,0,3
tt0420332,Veer-Zaara,2004,12-Nov-04,Drama | Musical | Romance,Aditya Chopra (dialogue) | Aditya Chopra (screenplay) | Aditya Chopra (story),662,Harman Baweja,54,Habib Faisal,0,7
tt0421277,Julie,2004,23-Jul-04,Drama,Nishikant Kamat (screenplay) | Sanjay Pawar (dialogue) | Deepak S. Shivdasani (story),663,Sudha Chandran,55,Satish Kaushik,0,5
tt0422091,Dhoom,2004,27-Aug-04,Action | Adventure | Thriller,Vijay Krishna Acharya (dialogue) | Vijay Krishna Acharya (screenplay),664,Shabana Azmi,56,Sujoy Ghosh,0,7
tt0422236,Fida,2004,20-Aug-04,Adventure | Romance | Thriller,Lalit Mahajan (screenplay) | Sunny Mahajan (screenplay) | Kiran Kotrial (dialogue),665,Benjamin Gilani,57,Deepak S. Shivdasani,0,2
tt0422950,Phir Milenge,2004,13-Aug-04,Drama,Atul Sabharwal (screenplay),666,Dev Anand,58,Milind Ukey,0,1
tt0423087,Rok Sako To Rok Lo,2004,10-Dec-04,Adventure | Musical | Romance,Arindam Chowdhuri,667,Tanvi Azmi,59,Dev Anand,0,1
tt0426075,Lakeer - Forbidden Lines,2004,N/A,Action | Drama | Romance,Ahmed Khan (screenplay) | Shahab Khan (screenplay) | Mehboob (dialogue),668,Adi Irani,60,Raj Nidimoru,0,1
tt0426864,Aakhri Inteqam,2002,N/A,Action,Rajesh Bakshi,669,Achint Kaur,61,Kookie V. Gulati,0,1
tt0429289,Tauba Tauba,2004,1-Oct-04,Comedy | Drama,N/A,670,Yuvika Chaudhry,62,Mani Shankar,0,4
tt0430030,Dobara,2004,24-Sep-04,Musical | Drama,Subodh Chopra (screenplay) | Shashi Ranjan (screenplay) | Vibha Singh (dialogue),671,Pankaj Berry,63,Nikhil Advani,0,1
tt0430328,Madhoshi,2004,24-Sep-04,Musical | Mystery | Drama,Tanveer Khan,672,Varun Dhawan,64,Pradeep Sarkar,0,1
tt0430381,Musafir,2004,10-Dec-04,Action | Crime | Drama,Sanjay Gupta | Sameer Malhotra | Milap Zaveri (dialogue),673,Nargis Fakhri,65,Ken Ghosh,0,2
tt0430480,Popcorn Khao! Mast Ho Jao,2004,1-Oct-04,Comedy | Drama | Romance,Vishal Dadlani (lyrics) | Kabir Sadanand | Raghuvir Shekhawat (dialogue),373,Aamir Khan,66,Samir Karnik,0,1
tt0430589,Shaadi Karke Phas Gaya Yaar,2006,1-Aug-06,Romance,K.S. Adiyaman (story) | Rumi Jaffery (screenplay),374,Shah Rukh Khan,67,Arshad Khan,0,1
tt0430702,Tumsa Nahin Dekha,2004,24-Sep-04,Musical | Romance,Subodh Chopra,375,Salman Khan,68,Govind Menon,0,1
tt0432047,Sarkar,2005,1-Jul-05,Action | Crime | Drama,Manish Gupta,376,Katrina Kaif,69,Rajat Kapoor,0,5
tt0432385,AK 47,2004,1-Oct-04,Action | Thriller,N/A,377,Deepika Padukone,70,Rajat Mukherjee,0,1
tt0432536,Hatya: The Murder,2004,15-Oct-04,Action | Crime | Fantasy,N/A,378,Hrithik Roshan,71,Apoorva Lakhia,0,1
tt0432637,Krrish,2006,23-Jun-06,Action | Adventure | Romance,Robin Bhatt (screenplay) | Sachin Bhowmick (screenplay) | Honey Irani (screenplay) | Akarsh Khurana (screenplay) | Sanjay Masoom (dialogue) | Rakesh Roshan (screenplay),379,Priyanka Chopra,72,Anant Mahadevan,1,8
tt0433605,Naach,2004,12-Nov-04,Musical | Drama,Sulekha Bajpai | Musharaff Ali Khan | Pooja Ladha Surti,380,Kareena Kapoor,73,Sriram Raghavan,0,1
tt0435259,Padmashree Laloo Prasad Yadav,2005,28-Jan-05,Comedy,Sanjay Pawar (dialogue) | Vinay | Yash,381,Ranbir Kapoor,74,Dharmesh Darshan,0,1
tt0435390,Shukriya: Till Death Do Us Apart,2004,8-Oct-04,Musical | Drama | Family,Jeetu Arora (screenplay) | Jeetu Arora (story) | Anubhav Sinha (dialogue) | Anupam Sinha (screenplay) | Anupam Sinha (story),382,Kajol,75,Aditya Datt,0,1
tt0435437,Taarzan: The Wonder Car,2004,6-Aug-04,Musical | Action | Drama,Lalit Mahajan (story) | Lalit Mahajan,383,John Abraham,76,Suneel Darshan,0,1
tt0436451,Jo Bole So Nihaal,2005,13-May-05,Action,Sanjay Chhel (dialogue writer),384,Amitabh Bachchan,77,Shashant Shah,0,1
tt0437182,Family: Ties of Blood,2006,12-Jan-06,Action | Crime | Drama,Rajat Arora (screenwriter) | Tigmanshu Dhulia (dialogue) | Shridhar Raghavan (screenplay) | Ashok Rawat (script & story) | Rajkumar Santoshi (dialogue) | Rajkumar Santoshi (screenplay) | Shaktimaan Talwar (story),385,Sonakshi Sinha,78,Sudhir Mishra,0,1
tt0437238,Hulchul,2004,26-Nov-04,Action | Comedy | Drama,K.P. Saxena (dialogue) | Siddique (story) | Neeraj Vora (screenplay),386,Alia Bhatt,79,Harry Baweja,0,6
tt0437279,Khamoshh... Khauff Ki Raat,2005,15-Apr-05,Thriller,Adi (dialogue) | Adi (screenplay) | Bijesh Jayarajan (screenplay),387,Ajay Devgn,80,Tigmanshu Dhulia,0,1
tt0437407,Parineeta,2005,10-Jun-05,Drama | Musical | Romance,Saratchandra Chatterjee (novel) | Vidhu Vinod Chopra (screenplay) | Rekha Nigam (dialogue) | Pradeep Sarkar (screenplay),388,Asin,81,Kundan Shah,0,3
tt0438153,Let's Enjoy,2004,1-Oct-04,Comedy,Siddharth Anand Kumar | Ankur Tewari,389,Farhan Akhtar,82,Deepak Tijori,0,1
tt0438875,Insan,2005,14-Jan-05,Drama | War,Naeem-Ejaz (dialogue),390,Arjun Kapoor,83,Shashanka Ghosh,0,1
tt0438894,Kisse Pyaar Karo?n,2009,27-Feb-09,Action | Comedy | Crime,Shabbir Ahmed (lyrics) | Yunus Sajawal (screenplay),391,Akshay Kumar,84,Rahul Rawail,0,1
tt0438981,Silsiilay,2005,17-Jun-05,Drama,Khalid Mohamed (story),392,Anushka Sharma,85,Raksha Mistry,0,1
tt0439662,Fanaa,2006,26-May-06,Drama | Musical | Romance,Shibani Bathija (screenplay) | Shibani Bathija (story) | Shibani Bathija,393,Vidya Balan,86,Nagesh Kukunoor,0,7
tt0439754,Pyaar Mein Twist,2005,2-Sep-05,Comedy | Drama | Musical,Sushma Ahuja (story) | Sameer (lyrics),394,Aishwarya Rai Bachchan,87,Mahesh Manjrekar,0,1
tt0439872,Wajahh: A Reason to Kill,2004,8-Oct-04,Thriller,Ghalib Asadbhopali (dialogue) | Tony Mirrcandani (story) | Sandeep Patel (screenplay),395,Ranveer Singh,88,Suparn Verma,0,1
tt0441048,Dhoom:2,2006,24-Nov-06,Action | Thriller,Vijay Krishna Acharya (screenplay) | Vijay Krishna Acharya (dialogue) | Aditya Chopra (story),396,Vir Das,89,Ashwini Chaudhary,1,8
tt0442606,Mulaqaat,2002,N/A,Drama | Thriller,N/A,397,Shahid Kapoor,90,Hansal Mehta,0,1
tt0442764,Dil Jo Bhi Kahey...,2005,23-Sep-05,Romance,Romesh Sharma,398,Saif Ali Khan,91,Karan Razdan,0,1
tt0442799,Kis Kis Ki Kismat,2004,22-Oct-04,Comedy,Umesh Shukla,399,Anil Kapoor,92,Eeshwar Nivas,0,1
tt0442855,Vaada,2005,7-Jan-05,Romance | Mystery | Drama,Rumi Jaffery,400,Prakash Raj,93,Hasnain Hyderabadwala,0,2
tt0443208,Rog,2005,7-Jan-05,Mystery | Romance | Thriller,Mahesh Bhatt | Subodh Chopra (dialogue) | Niranjan Iyengar (dialogue),401,Sonam Kapoor,94,Subhash Ghai,0,1
tt0443331,Milenge Milenge,2010,9-Jul-10,Drama | Romance,Shiraz Ahmed (dialogue) | Shiraz Ahmed (story),402,Sanjay Kapoor,95,Guddu Dhanoa,0,2
tt0443594,Naina,2005,20-May-05,Drama | Horror | Mystery,Shripal Morakhia (story) | Sagar Pandya | Anjum Rajabali,403,Jacqueline Fernandez,96,Kabir Sadanand,0,2
tt0443708,Page 3,2005,21-Jan-05,Drama,Nina Arora (screenplay) | Madhur Bhandarkar (dialogue) | Sanjeev Dutta (dialogue) | Manoj Tyagi (screenplay),404,Abhishek Bachchan,97,Kanti Shah,0,5
tt0444767,A Sublime Love Story: Barsaat,2005,19-Aug-05,Romance,Suneel Darshan (story) | Robin Bhatt (screenplay) | Shyam Goel (screenplay) | Rumi Jaffery (dialogue) | K.K. Singh (dialogue),405,Imran Khan,98,Robby Grewal,0,3
tt0444769,Blackmail,2005,28-Jan-05,Action | Drama | Thriller,Robin Bhatt (story) | Javed Siddiqui (dialogue),406,Rekha,99,Hriday Shetty,0,1
tt0444781,Deewane Huye Paagal,2005,25-Nov-05,Comedy | Romance,Kiran Kotrial (story) | Neeraj Vora (dialogue) | Abbas Hirapurwala (dialogue),407,Tabu,100,Anant Balani,0,2
tt0444820,Fareb,2005,N/A,Drama | Thriller,Girish Dhamija (dialogue) | Bijesh Jayarajan (screenplay) | Bijesh Jayarajan (story),408,Madhavan,101,Kabeer Kaushik,0,1
tt0444840,Humko Deewana Kar Gaye,2006,14-Apr-06,Romance,Sudhanshu Dube (additional dialogue) | Raj Kanwar,409,Sanjay Dutt,102,Amol Shetge,0,2
tt0444849,Karam,2005,11-Mar-05,Crime | Thriller,Suparn Verma (story),410,Parineeti Chopra,103,Pankaj Parashar,0,2
tt0444874,Main Aisa Hi Hoon,2005,6-May-05,Musical | Drama,Harry Baweja (story) | Bhavani Iyer (screenplay) | Anurag Kashyap (dialogue),411,Madhuri Dixit,104,N/A,0,1
tt0444913,Tango Charlie,2005,25-Mar-05,Action | Drama | War,Mani Shankar (dialogue) | Mani Shankar (screenplay),412,Preity Zinta,105,Rajiv S. Ruia,0,1
tt0444915,Tathastu,2006,N/A,Drama,N/A,413,Govinda,106,Ashu Trikha,0,1
tt0445022,Jurm,2005,10-Feb-05,Thriller,N/A,414,Emraan Hashmi,107,Tanuja Chandra,0,1
tt0445056,Sheesha,2005,11-Feb-05,Drama | Romance | Thriller,Sanjay Masoom (dialogue) | A. Muthu (story) | Ashu Trikha (screenplay),415,Bipasha Basu,108,Mehul Kumar,0,1
tt0447235,Kiss Kis Ko,2004,N/A,Musical,Pankaj Kapoor,416,Uday Chopra,109,Ashok Tyagi,0,1
tt0447890,Chaahat Ek Nasha...,2005,11-Feb-05,Romance,N/A,417,Aditya Roy Kapoor,110,Chandan Arora,0,1
tt0448121,Sins,2005,25-Feb-05,Drama | Romance,N/A,418,Ritesh Deshmukh,111,Rahat Kazmi,0,2
tt0448206,Bunty Aur Babli,2005,27-May-05,Adventure | Comedy | Crime,Aditya Chopra (story) | Jaideep Sahni (screenplay) | Jaideep Sahni (dialogue),419,Rishi Kapoor,112,Raj N. Sippy,0,7
tt0449189,Banaras,2006,7-Apr-06,Musical | Drama,Javed Siddiqui (dialogue) | L.C. Singh,420,Kangana Ranaut,113,Ajai Sinha,0,1
tt0449228,Dosti: Friends Forever,2005,23-Dec-05,Romance,Suneel Darshan (story) | Robin Bhatt (screenplay) | Shyam Goel (screenplay) | Rumi Jaffery (screenplay) | K.K. Singh (screenplay),421,Dia Mirza,114,Shyam Ramsay,0,2
tt0449306,Lucky: No Time for Love,2005,8-Apr-05,Musical | Drama | Romance,Radhika Rao | Vinay Sapru | Milap Zaveri (dialogue),422,Amrish Puri,115,Jag Mundhra,0,3
tt0449389,Shaadi No. 1,2005,3-Nov-05,Comedy,N/A,423,Amrita Rao,116,Kalpana Lajmi,0,2
tt0449870,Chehraa,2005,18-Feb-05,Thriller,Saurabh Shukla,424,Lara Dutta,117,Ajay Chandhok,0,1
tt0449982,Hum Dum,2005,11-Feb-05,Comedy | Romance,Ghalib Asadbhopali (dialogue) | Kushan Nandy (story) | Kiran Shroff,425,Om Puri,118,Puneet Sira,0,1
tt0449994,Jodhaa Akbar,2008,15-Feb-08,Action | Adventure | Biography,Haidar Ali (story) | Haidar Ali (screenplay) | Ashutosh Gowariker (screenplay) | K.P. Saxena (dialogue),426,Kiron Kher,1,Rajkumar Hirani,0,5
tt0449999,Kabhi Alvida Naa Kehna,2006,11-Aug-06,Drama,Karan Johar (story) | Shibani Bathija (screenplay) | Karan Johar (screenplay) | Niranjan Iyengar (dialogue),427,Mallika Sherawat,2,Farah Khan,0,5
tt0451631,Apaharan,2005,2-Dec-05,Action | Crime | Drama,Prakash Jha (dialogue) | Prakash Jha (screenplay) | Prakash Jha (story) | Shridhar Raghavan (screenplay) | Anjum Rajabali (script consultant) | Manoj Tyagi (screenplay),428,Sonu Sood,3,Karan Johar,0,5
tt0451639,Bachke Rehna Re Baba,2005,3-Jun-05,Comedy,Robin Bhatt (screenplay) | Robin Bhatt (story) | Umesh Shukla (dialogue) | Umesh Shukla (screenplay) | Umesh Shukla (story),429,Nana Patekar,4,Sajid Khan,0,2
tt0451787,Kyon Ki...,2005,3-Nov-05,Drama | Romance,Sanjay Chhel (dialogue),430,Vinod Khanna,5,Rohit Shetty,0,2
tt0451803,Maine Pyaar Kyun Kiya,2005,15-Jul-05,Comedy | Drama | Romance,Sanjay Chhel (dialogues) | Rumi Jaffery (screenplay) | Sameer (lyrics),431,Kalki Koechlin,6,Kabir Khan,0,5
tt0451824,My Wife's Murder,2005,19-Aug-05,Thriller,Atul Sabharwal,432,Rani Mukerji,7,Anil Sharma,0,2
tt0451833,No Entry,2005,26-Aug-05,Comedy | Drama | Musical,Anees Bazmee,433,Rajkummar Rao,8,Farhan Akhtar,0,7
tt0451850,Paheli,2005,24-Jun-05,Fantasy | Romance,Vijayadan Detha (novel) | Vijayadan Detha (story) | Sandhya Gokhale (dialogue) | Sandhya Gokhale (screenplay) | Amol Palekar (story),434,Tusshar Kapoor,9,Siddharth Anand,0,3
tt0451919,Socha Na Tha,2005,4-Mar-05,Romance | Comedy,Imtiaz Ali,435,Arjun Rampal,10,Anees Bazmee,0,2
tt0451983,Zeher,2005,25-Mar-05,Thriller,Mahesh Bhatt (screenplay),436,Paresh Rawal,11,Prabhudheva,0,4
tt0453582,7 1/2 Phere: More Than a Wedding,2005,29-Jul-05,Comedy | Drama,Subrat Sinha (lyrics) | Honey Trehan (lyrics) | Ishaan Trivedi,437,Supriya Pathak,12,Shaad Ali,0,1
tt0453671,Garam Masala,2005,3-Nov-05,Comedy,Priyadarshan (screenplay) | Neeraj Vora (dialogue) | Priyadarshan (story),438,Nawazuddin Siddiqui,13,Anurag Basu,0,6
tt0453729,Iqbal,2005,20-Jan-06,Drama,Nagesh Kukunoor,439,Naseeruddin Shah,14,Mohit Suri,0,4
tt0453748,Kuchh Meetha Ho Jaye,2005,15-Apr-05,Comedy | Romance,Samar Khan (story) | Rohit Malhotra (dialogue) | Rohit Malhotra (screenplay) | Rohit Malhotra (story),440,Randeep Hooda,15,Sanjay Leela Bhansali,0,1
tt0454396,Aryan: Unbreakable,2006,15-Dec-06,Drama,Abhishek Kapoor,441,Jaya Bhaduri,16,Imtiaz Ali,0,1
tt0454429,Chingaari,2006,17-Feb-06,Drama,Bhupen Hazarika (story) | Kalpana Lajmi (dialogue) | Kalpana Lajmi (screenplay),442,Karisma Kapoor,17,Mani Ratnam,0,1
tt0456144,Lage Raho Munna Bhai,2006,1-Sep-06,Comedy | Drama | Romance,Vidhu Vinod Chopra (screenplay) | Rajkumar Hirani | Abhijit Joshi (screenplay),443,Sharman Joshi,18,David Dhawan,1,8
tt0456165,Salaam Namaste,2005,9-Sep-05,Comedy | Drama | Romance,Siddharth Anand (screenplay) | Abbas Tyrewala (dialogue),444,Boman Irani,19,Aanand Rai,0,6
tt0456413,Fight Club: Members Only,2006,17-Feb-06,Action | Comedy,Vikram Chopra (screenplay) | Sohail Khan (dialogue) | Sohail Khan (screenplay) | Sohail Khan (story) | Mayur Puri (dialogue),445,Satish Shah,20,Ashwani Dhir,0,2
tt0456481,Jaan-E-Mann: Let's Fall in Love... Again,2006,20-Oct-06,Musical | Romance,Shirish Kunder (dialogue) | Shirish Kunder (screenplay) | Shirish Kunder (story),446,Arshad Warsi,21,Raj Kumar Gupta,0,2
tt0456500,Kyaa Kool Hai Hum,2005,6-May-05,Comedy | Mystery,Sachin Yardi (story) | Pankaj Trivedi (story),447,Raj Babbar,22,Rakeysh Omprakash Mehra,0,6
tt0456549,Mr Ya Miss,2005,2-Dec-05,Comedy,Antara Mali (screenplay) | Antara Mali (story) | Raghuvir Shekhawat (dialogue),448,Shilpa Shetty,23,Sanjay Gadhvi,0,2
tt0456558,Nazar,2005,20-May-05,Thriller,Mahesh Bhatt | Anand Sivakumaran (screenplay),449,Vivek Oberoi,24,Indra Kumar,0,2
tt0457875,Ek Ajnabee,2005,9-Dec-05,Action | Adventure | Crime,Apoorva Lakhia (screenplay) | Manoj Tyagi (screenplay) | Manoj Tyagi (dialogue),450,Anupam Kher,25,Kunal Deshmukh,0,2
tt0457940,Home Delivery: Aapko... Ghar Tak,2005,2-Dec-05,Comedy | Romance,Sujoy Ghosh (screenplay) | Sujoy Ghosh (story) | Suresh Nair (dialogue) | Suresh Nair (story) | Ritesh Shah (dialogue) | Milap Zaveri (dialogue),451,Sameera Reddy,26,Kunal Kohli,0,1
tt0458017,Mixed Doubles,2006,10-Feb-06,Comedy | Drama,Rajat Kapoor (script) | Anurag Kashyap (dialogues),452,Sunny Deol,27,Abhishek Kapoor,0,2
tt0458027,Mumbai Godfather,2005,22-Sep-05,Action | Crime | Drama,Farhad Bhiwandiwala (lyrics) | Salim Hyder | Jeetendra S. Shukla (lyrics) | Deepak Balraj Vij,453,Shraddha Kapoor,28,N. Chandra,0,1
tt0459133,Shabnam Mausi,2005,20-May-05,Drama,Aadesh K. Arjun | Yogesh Bharadwaj | S. Sachinder,454,Akshaye Khanna,29,Priyadarshan,0,1
tt0459293,"Gandhi, My Father",2007,27-Jul-07,Biography | Drama | History,Chandulal Dalal (book) | Feroz Abbas Khan | Neelamben Parikh (book),455,Manish Chaudhary,30,Shoojit Sircar,0,1
tt0459423,Kahaani Gudiya Ki...: True Story of a Woman,2008,11-Apr-08,Drama,Ashok Hamrahi | Madan Pal (lyrics),456,Sunil Shetty,31,Ashutosh Gowariker,0,1
tt0459475,Naam Gum Jaayega,2005,10-Apr-05,Thriller,Amol Shetge,457,Sohail Khan,32,Ram Gopal Varma,0,1
tt0459605,Eklavya: The Royal Guard,2007,16-Feb-07,Action | Drama | Thriller,Vidhu Vinod Chopra | Abhijit Joshi | Swanand Kirkire (dialogue),458,Esha Deol,33,Vishal Bhardwaj,0,2
tt0461209,Ek Khiladi Ek Haseena,2005,18-Nov-05,Comedy | Crime | Thriller,Suparn Verma (story),459,Pavan Malhotra,34,Abbas Alibhai Burmawalla,0,2
tt0461258,Kal: Yesterday and Tomorrow,2005,9-Dec-05,Drama | Mystery | Thriller,Ruchi Narain,460,Sonali Kulkarni,35,Mastan Alibhai Burmawalla,0,1
tt0461323,Pyare Mohan,2006,21-Apr-06,Comedy | Drama | Romance,Milap Zaveri (story) | Tushar Hiranandani (story) | Milap Zaveri (screenplay) | Tushar Hiranandani (screenplay) | Milap Zaveri (dialogue),461,Rimi Sen,36,Milan Luthria,0,2
tt0461936,Don,2006,20-Oct-06,Action | Crime | Thriller,Salim Khan (based on an original screenplay by) | Javed Akhtar (based on an original screenplay by) | Farhan Akhtar,462,Sushmita Sen,37,Prakash Jha,1,6
tt0463279,2-Oct,2003,N/A,Crime,N/A,463,Gracy Singh,38,Sanjay Gupta,0,1
tt0464160,Chup Chup Ke,2006,9-Jun-06,Comedy | Drama | Romance,Priyadarshan (story) | Neeraj Vora (dialogue),464,Kunal Khemu,39,Zoya Akhtar,0,4
tt0466208,Bhairav,2001,N/A,Action,N/A,465,Juhi Chawla,40,Madhur Bhandarkar,0,1
tt0466367,Chand Sa Roshan Chehra,2005,4-Mar-05,Romance,Jalees Sherwani,466,Vinay Pathak,41,Vipul Amrutlal Shah,0,1
tt0466398,Ssukh,2005,17-Jun-05,Comedy | Family | Romance,N/A,467,Dharmendra,42,Pooja Bhatt,0,1
tt0466460,Khosla's Nest,2006,22-Sep-06,Comedy | Crime | Drama,Jaideep Sahni (story),468,Mohammed Zeeshan Ayyub,43,Anubhav Sinha,0,4
tt0466546,The Film,2005,25-Nov-05,Drama | Thriller,Yash Chouhan (story) | Anand Dehelvi (screenplay) | Junaid Memon | Geetika Tondon (additional dialogue),469,Ranvir Shorey,44,Raj Kanwar,0,1
tt0466580,Siskiyaan,2005,30-Sep-05,Drama | Thriller,Sanjay Chauhan | Nida Fazli (lyrics),470,Genelia D'Souza,45,Anurag Kashyap,0,1
tt0470398,Kasak,2005,22-Jul-05,Drama,Rajiv Babbar (screenplay) | Rajiv Babbar (story) | Sanjay Masoom (dialogue) | Sanjay Masoom (screenplay) | Neeraj Vora (screenplay),471,Isha Koppikar,46,Krishna D.K.,0,1
tt0470521,Saawan... The Love Season,2006,7-Apr-06,Romance,Saawan Kumar Tak (screenplay) | Saawan Kumar Tak (story),472,Soha Ali Khan,47,Vikram Bhatt,0,2
tt0470614,Yun Hota Toh Kya Hota: What If...?,2006,21-Jul-06,Drama,Uttam Gada,473,Johnny Lever,48,Dibakar Banerjee,0,1
tt0470869,Neal 'N' Nikki,2005,9-Dec-05,Comedy | Musical | Romance,Arjun Sablok (story) | Arjun Sablok (dialogue) | Anvita Dutt Guptan (additional screenplay) | Anvita Dutt Guptan (dialogue),474,Ayesha Takia,49,Shashilal K. Nair,0,2
tt0471646,Darwaza Bandh Rakho,2006,4-Aug-06,Comedy | Crime | Drama,J.D. Chakravarthi (screenplay) | Snehal Dabi (dialogue) | Musharaff Ali Khan (story) | Nitin Raikwar (lyrics),475,Tia Bajpai,50,Rohan Sippy,0,1
tt0473310,Ram Gopal Varma's Indian Flames,2007,31-Aug-07,Action | Adventure | Comedy,Salim Khan (story) | Rahil Qazi | Ram Gopal Varma (screenplay) | Ram Gopal Varma (story),476,Nasser,51,Sangeeth Sivan,0,1
tt0473367,Jaane Tu... Ya Jaane Na,2008,4-Jul-08,Comedy | Drama | Romance,Abbas Tyrewala,477,Saurabh Shukla,52,Rajkumar Santoshi,0,7
tt0473567,...Yahaan,2005,29-Jul-05,Romance,Sameer Kohli | Mahesh (screenplay) | Mahesh (story) | Piyush Mishra (dialogue) | Piyush Mishra (screenplay) | Sabapati (screenplay) | Sabapati (story),478,Konkona Sen Sharma,53,Sagar Ballary,0,1
tt0475627,Shikhar,2005,30-Dec-05,Drama | Musical | Romance,Dr. Bodhisattva (dialogue) | Manohar Iyer (lyrics) | John Mathew Matthan (screenplay) | Chandrashekhar Rajit (lyrics) | Sameer (lyrics) | Anita Sarkar (lyrics) | C.K. Raajaa Chandra Sekar (lyrics) | Viju Shah (lyrics) | Mani Shankar (lyrics) | Sudhakar Sharma (lyrics) | Abbas Tyrewala (screenplay),479,Ameesha Patel,54,Habib Faisal,0,2
tt0475645,Vaah! Life Ho Toh Aisi!,2005,23-Dec-05,Comedy | Family | Musical,Mahesh Manjrekar (story) | Kiran Kotrial (dialogue),480,Zayed Khan,55,Satish Kaushik,0,2
tt0476527,Bluffmaster!,2005,16-Dec-05,Comedy | Romance | Thriller,Rajat Arora (dialogue) | Shridhar Raghavan (story),481,Neha Dhupia,56,Sujoy Ghosh,0,5
tt0476550,God Tussi Great Ho,2008,15-Aug-08,Comedy | Drama | Romance,Rumi Jaffery (screenplay) | Yunus Sajawal (story),482,Irrfan Khan,57,Deepak S. Shivdasani,0,2
tt0476729,Aksar,2006,3-Feb-06,Drama | Romance,Anant Mahadevan (story),483,Revathy,58,Milind Ukey,0,5
tt0476762,Big Brother,2007,1-Feb-07,Action | Crime,Guddu Dhanoa,484,Girish Karnad,59,Dev Anand,0,1
tt0476805,Malamaal Weekly,2006,10-Mar-06,Comedy | Drama | Romance,Manisha Korde (dialogue) | Priyadarshan (screenplay) | Priyadarshan (story) | Chandu Shah (story),485,Fardeen Khan,60,Raj Nidimoru,0,7
tt0476819,Nehlle Pe Dehlla,2007,2-Mar-07,Comedy | Thriller,Ajay Chandhok | Yunus Sajawal (screenplay),486,Mahesh Manjrekar,61,Kookie V. Gulati,0,1
tt0476848,Ramji Londonwaley,2005,2-Sep-05,Comedy | Drama | Family,Kamal Hassan (original story) | Sanjay Dayma (screenplay) | Madhavan (adaptation) | Madhavan (additional screenplay) | Avantika Hari (additional screenplay) | Jay Verma (dialogue: India portions) | Manish Tiwari (dialogue: India portions) | Madhavan (dialogue: London portions) | Sanjay Dayma (dialogue: London portions),487,Shakti Kapoor,62,Mani Shankar,0,1
tt0476884,Taxi No. 9 2 11: Nau Do Gyarah,2006,24-Feb-06,Comedy | Drama | Thriller,Rajat Arora (story) | Rajat Arora | Vishal Dadlani (lyrics) | Dev Kohli (lyrics),488,Shiney Ahuja,63,Nikhil Advani,0,5
tt0476888,"Tom, Dick, and Harry",2006,12-May-06,Comedy | Romance,Kamal Pandey (story) | Yunus Sajawal (story) | Ali Shah (dialogue),489,Lillete Dubey,64,Pradeep Sarkar,0,4
tt0477252,36 China Town,2006,21-Apr-06,Comedy | Mystery | Thriller,Shyam Goel (story) | Jitendra Parmar (dialogue) | Anurag Prapanna (dialogue),490,Shreyas Talpade,65,Ken Ghosh,0,5
tt0477253,Aashiq Banaya Aapne: Love Takes Over,2005,2-Sep-05,Drama | Romance | Thriller,Aditya Datt (story),491,Minissha Lamba,66,Samir Karnik,0,3
tt0477574,Bengal Tiger,2001,N/A,Action | Crime,N/A,492,Jimmy Shergill,67,Arshad Khan,0,1
tt0477857,Sehar,2005,N/A,Action | Crime | Drama,Kabeer Kaushik,493,Manisha Koirala,68,Govind Menon,0,2
tt0478868,Koi Mere Dil Mein Hai,2005,3-Jun-05,Drama,Humayun Mirza (screenplay),494,Atul Kulkarni,69,Rajat Kapoor,0,1
tt0479674,Gumnam Qatil,2001,2-May-01,Horror,Harinam Singh,495,Amrita Arora,70,Rajat Mukherjee,0,1
tt0480572,Pyaar Ke Side Effects,2006,15-Sep-06,Comedy | Drama | Romance,Saket Chaudhary | Pratibha Acharya (dialogue) | Vijay Krishna Acharya (dialogue),496,Neil Nitin Mukesh,71,Apoorva Lakhia,0,3
tt0482305,Ek Aur Visphot,2002,N/A,Crime,M.I. Raj | Anoop Srivastava (dialogue),497,Rajat Kapoor,72,Anant Mahadevan,0,1
tt0483029,Kyon?,2003,N/A,Crime,N/A,498,Aftab Shivdasani,73,Sriram Raghavan,0,1
tt0483239,Bullet: Ek Dhamaka,2005,4-Feb-05,Action | Drama,Anand Raj Anand (lyrics) | Neha Bhasin (lyrics) | Salim Shahid (story) | Faiz Shaid (story),499,Ashmit Patel,74,Dharmesh Darshan,0,1
tt0483282,Marshal,2002,N/A,Action,N/A,500,Dimple Kapadia,75,Aditya Datt,0,1
tt0484279,Miss India: The Mystery,2003,3-Sep-03,Mystery,N/A,501,Urmila Matondkar,76,Suneel Darshan,0,1
tt0485272,Salaam-E-Ishq,2007,25-Jan-07,Comedy | Drama | Musical,Nikhil Advani (screenplay) | Nikhil Advani (story) | Suresh Nair (screenplay) | Saurabh Shukla (script),502,Danny Denzongpa,77,Shashant Shah,0,1
tt0485466,Jawani Diwani: A Youthful Joyride,2006,6-Jan-06,Romance,Pradeep Tiwari (dialogue) | Pradeep Tiwari (story),503,Ahsaas Channa,78,Sudhir Mishra,0,2
tt0485513,"Main, Meri Patni... Aur Woh!",2005,7-Oct-05,Comedy | Drama | Romance,Gunjan Joshi (story) | Rajpal Yadav (story) | Ashok Khanna (screenplay) | Pankaj Saraswat (screenplay) | Pankaj Saraswat (dialogue),504,Prem Chopra,79,Harry Baweja,0,1
tt0485522,Umrao Jaan,2006,3-Nov-06,Drama | Romance,J.P. Dutta (screenplay) | O.P. Dutta (story) | Mirza Muhammad Hadi Ruswa (novel),505,Sushant Singh,80,Tigmanshu Dhulia,0,1
tt0485551,Time Pass,2005,N/A,Romance,Chander Mishra,506,Rahul Dev,81,Kundan Shah,0,1
tt0486615,London Dreams,2009,30-Oct-09,Musical,Ritesh Shah (dialogue) | Suresh Nair (story),507,Kay Kay Menon,82,Deepak Tijori,0,2
tt0487148,Chand Bujh Gaya,2005,18-Mar-05,Drama | Thriller,Zuber Dr. (story) | Qamruddin Falak (story),508,Darshan Jariwala,83,Shashanka Ghosh,0,1
tt0487149,Chetna: The Excitement,2005,24-Jun-05,Thriller,N/A,509,Antara Mali,84,Rahul Rawail,0,1
tt0488287,Darwaza,2002,N/A,Horror,Bashir Babar,510,Jackie Shroff,85,Raksha Mistry,0,1
tt0488316,Mazaa Mazaa,2005,N/A,Romance,T.L.V. Prasad,511,Vrajesh Hirjee,86,Nagesh Kukunoor,0,1
tt0488381,Corporate,2006,7-Jul-06,Drama,Madhur Bhandarkar (screenplay) | Ajay Monga (screenplay) | Sandeep Nath (lyrics) | Niranjan Patwardhan (additional screenplay) | Manoj Tyagi (screenplay),512,Vicky Ahuja,87,Mahesh Manjrekar,0,4
tt0488414,Omkara,2006,28-Jul-06,Action | Crime | Drama,Vishal Bhardwaj (screenplay) | Robin Bhatt (screenplay) | Abhishek Chaubey (screenplay) | Vishal Bhardwaj (dialogue) | William Shakespeare (play),513,Sandhya Mridul,88,Suparn Verma,0,2
tt0488798,Welcome,2007,21-Dec-07,Comedy | Crime | Drama,Anees Bazmee | Rajeev Kaul,514,Arbaaz Khan,89,Ashwini Chaudhary,0,7
tt0488836,Hanuman,2005,21-Oct-05,Animation,Milind Ukey,515,Prachi Desai,90,Hansal Mehta,0,5
tt0488840,Koi Aap Sa: But Lovers Have to Be Friends,2005,14-Oct-05,Comedy | Drama | Romance,Mahesh Pandey (screenplay) | Sameer (lyrics) | Dheeraj Sarna (dialogue),516,Ali Zafar,91,Karan Razdan,0,1
tt0488906,Zinda,2006,12-Jan-06,Action | Adventure | Drama,Vishal Dadlani (lyrics) | Sanjay Gupta (screenplay) | Anwar Maqsood (lyrics) | Virag Mishra (lyrics) | Suresh Nair (screenplay) | Kamlesh Pandey (dialogues),517,Udita Goswami,92,Eeshwar Nivas,0,2
tt0488976,C U at 9,2005,25-Jun-05,Drama | Horror | Mystery,N/A,518,Rana Jung Bahadur,93,Hasnain Hyderabadwala,0,1
tt0489028,Double Cross: Ek Dhoka,2005,12-Jul-05,Comedy,N/A,519,Abhay Deol,94,Subhash Ghai,0,1
tt0489486,"Good Boy, Bad Boy",2007,11-May-07,Comedy | Musical | Romance,Ashwini Chaudhary (story),520,Neetu Chandra,95,Guddu Dhanoa,0,2
tt0489560,Shaadi Se Pehle,2006,7-Apr-06,Comedy | Musical | Romance,Sanjay Chhel | Satish Kaushik (screenplay),521,Sanjay Mishra,96,Kabir Sadanand,0,2
tt0490170,Love Story 2050,2008,4-Jul-08,Action | Adventure | Drama,Harry Baweja (story) | Bhavani Iyer (additional screenplay) | Mayur Puri (dialogue) | Karan Razdan (additional screenplay) | Prem Soni (additional screenplay) | Suparn Verma (additional screenplay),522,Priyanshu Chatterjee,97,Kanti Shah,0,1
tt0490210,Sarkar Raj,2008,6-Jun-08,Action | Crime | Drama,Prashant Pandey,523,Raveena Tandon,98,Robby Grewal,1,3
tt0490417,Gangobai,2002,12-Aug-02,Action,Bashir Babar,524,Alok Nath,99,Hriday Shetty,0,1
tt0490434,Kaaboo,2002,N/A,Action,N/A,525,Mahie Gill,100,Anant Balani,0,1
tt0490454,Meri Aashiqui,2005,N/A,Romance,N/A,526,Sharat Saxena,101,Kabeer Kaushik,0,1
tt0490475,Raghu More: Bachelor of Hearts,2003,N/A,Comedy,Iqbal Raj,527,Mithun Chakraborty,102,Amol Shetge,0,1
tt0491724,Prarambh,2004,13-Aug-04,Drama,Kumar Dave (screenplay),528,Bobby Deol,103,Pankaj Parashar,0,1
tt0493417,Fool N Final,2007,1-Jun-07,Action | Comedy | Romance,Umesh Shukla | Neeraj Vora (screenplay),529,Tinnu Anand,104,N/A,0,2
tt0493437,Apna Sapna Money Money,2006,10-Nov-06,Comedy | Musical | Romance,Sangeeth Sivan (story),530,Manjari Phadnis,105,Rajiv S. Ruia,0,5
tt0494290,Vivah,2006,10-Nov-06,Drama | Family | Musical,Aash Karan Atal (dialogue) | Sooraj R. Barjatya (story),531,Kunal Kapoor,106,Ashu Trikha,0,8
tt0495022,Ankahee,2006,19-May-06,Drama | Romance | Thriller,Vikram Bhatt (screenplay) | Vikram Bhatt | Girish Dhamija (dialogue) | Vinay (screenplay) | Yash (screenplay),532,Ayub Khan,107,Tanuja Chandra,0,1
tt0495032,Gangster,2006,28-Apr-06,Crime | Drama | Mystery,Mahesh Bhatt (story) | Girish Dhamija (dialogue) | Anurag Basu (screenplay),533,Kashmira Shah,108,Mehul Kumar,0,5
tt0495034,Golmaal: Fun Unlimited,2006,14-Jul-06,Comedy,Neeraj Vora,534,Deepak Dobriyal,109,Ashok Tyagi,0,6
tt0497606,Dansh,2005,2-Sep-05,Drama,Anish,535,Rajpal Yadav,110,Chandan Arora,0,1
tt0497887,Bhola in Bollywood,2004,15-Oct-04,Comedy,Sumbul Gazi,536,Divya Dutta,111,Rahat Kazmi,0,1
tt0499041,Kalyug,2005,9-Dec-05,Action | Crime | Drama,Jay Dixit (dialogue) | Anand Sivakumaran (screenplay) | Mohit Suri (story),537,Rajat Bedi,112,Raj N. Sippy,0,5
tt0499375,Guru,2007,12-Jan-07,Biography | Drama | Musical,Mani Ratnam (screenplay) | Vijay Krishna Acharya (dialogue) | Anurag Kashyap (additional dialogue) | Sujatha (additional dialogue) | Suhasini (additional dialogue),538,Rahul Bose,113,Ajai Sinha,0,6
tt0758053,Saawariya,2007,9-Nov-07,Drama | Musical | Romance,Fyodor Dostoevsky (story) | Prakash Kapadia | Vibhu Puri (additional screenplay & dialogue) | Shailey Sharma (additional screenplay & dialogue),539,Parvin Dabas,114,Shyam Ramsay,0,1
tt0770214,Kabul Express,2006,15-Dec-06,Action | Comedy | Drama,Kabir Khan | Sandeep Srivastava (additional dialogue),540,Asrani,115,Jag Mundhra,0,2
tt0779768,Teesri Aankh: The Hidden Camera,2006,3-Mar-06,Action | Thriller,Harry Baweja (story) | Harry Baweja (screenplay) | Pathik Vats (dialogue) | Sameer (lyrics) | Nitin Arora (lyrics) | Earl D'Souza (lyrics) | Karmjeet Kadhowala (lyrics),541,Raghuvir Yadav,116,Kalpana Lajmi,0,1
tt0795434,Namastey London,2007,23-Mar-07,Comedy | Drama | Romance,Suresh Nair | Ritesh Shah (dialogue),542,Avtar Gill,117,Ajay Chandhok,0,5
tt0800956,Life in a Metro,2007,11-May-07,Comedy | Drama | Romance,Anurag Basu (story) | Sanjeev Dutta (dialogue),543,Aashish Chaudhary,118,Puneet Sira,0,5
tt0800981,Anthony Kaun Hai?,2006,4-Aug-06,Comedy | Thriller,Soumik Sen,544,Laxmikant Berde,1,Rajkumar Hirani,0,1
tt0805184,Bhagam Bhag,2006,22-Dec-06,Comedy | Mystery | Romance,Neeraj Vora,545,Nandita Das,2,Farah Khan,0,6
tt0806088,Heyy Babyy,2007,24-Aug-07,Comedy | Drama,Sajid Khan (story) | Sajid Khan (screenplay) | Milap Zaveri (screenplay) | Renuka Kunzru (screenplay) | Milap Zaveri (dialogue),546,Mukesh Tiwari,3,Karan Johar,0,6
tt0807758,Partner,2007,20-Jul-07,Comedy | Romance,Shabbir Ahmed (lyrics) | Sanjay Chhel (dialogue) | David Dhawan (screenplay) | Yunus Sajawal (screenplay) | Jalees Sherwani (lyrics),547,Mahima Chaudhry,4,Sajid Khan,0,7
tt0808306,Honeymoon Travels Pvt. Ltd.,2007,23-Feb-07,Comedy | Drama | Romance,Reema Kagti | Anurag Kashyap (dialogue),548,Shahana Goswami,5,Rohit Shetty,0,4
tt0810058,Aap Ki Khatir,2006,25-Aug-06,Romance,Sunil Munshi,549,Tara Sharma,6,Kabir Khan,0,1
tt0811066,Shootout at Lokhandwala,2007,25-May-07,Action | Crime | Drama,Apoorva Lakhia | Suresh Nair | Raj Vasant (Dialogue),550,Smita Jaykar,7,Anil Sharma,0,5
tt0813539,Mr Prime Minister,2005,31-Dec-05,Comedy,Dev Anand,551,Gulshan Grover,8,Farhan Akhtar,0,1
tt0813540,Naksha,2006,8-Sep-06,Action | Adventure,Milap Zaveri (story) | Tushar Hiranandani (story) | Milap Zaveri (dialogue),552,Vidya Malvade,9,Siddharth Anand,0,1
tt0814014,Apne,2007,29-Jun-07,Drama | Sport,Neeraj Pathak (screenplay) | Neeraj Pathak (story),553,Yashpal Sharma,10,Anees Bazmee,0,4
tt0814082,Dil Diya Hai,2006,8-Sep-06,Drama | Romance | Thriller,Mudassar Aziz (screenplay) | Aditya Datt | Vinay Mudgil (screenplay) | Neeraj Pathak (screenplay) | Sameer (lyrics),554,Manoj Bajpayee,11,Prabhudheva,0,1
tt0814158,Ishq Qayamat,2004,20-Aug-04,Thriller,Raghu Menon (story) | Deepak Sneh,555,Ashutosh Rana,12,Shaad Ali,0,1
tt0814295,Rocky,2006,22-Sep-06,Action | Drama | Romance,Janak (dialogue) | Suresh Krishna (screenplay) | Hriday Lani (dialogue) | Sameer (lyrics),556,Ravi Kishan,13,Anurag Basu,0,1
tt0816657,Speed,2007,19-Oct-07,Action | Drama | Romance,Girish Dhamija (dialogue) | Eric Pillai (lyrics) | Mayur Pillai (lyrics) | Mayur Puri (lyrics),557,Nafisa Ali,14,Mohit Suri,0,1
tt0819810,Traffic Signal,2007,2-Feb-07,Drama,Madhur Bhandarkar (dialogue) | Madhur Bhandarkar (screenplay) | Madhur Bhandarkar (story) | Nishant A Bhuse (story) | Sachin Yardi (dialogue) | Sachin Yardi (screenplay) | Sachin Yardi (story),558,Arunoday Singh,15,Sanjay Leela Bhansali,0,4
tt0823261,Zindaggi Rocks,2006,6-Oct-06,Drama | Romance,Tanuja Chandra (screenplay) | Mudassar Aziz (dialogue) | Sayeed Qadri (lyrics),559,Omkar Das Manikpuri,16,Imtiaz Ali,0,1
tt0823451,Dus Kahaniyaan,2007,7-Dec-07,Adventure | Crime | Drama,Sanjay Gupta (screenplay) | S. Farhan (dialogue) | Hansal Mehta (screenplay) | Virag Mishra (screenplay) | Kartar Singh Duggal (story) | Meghna Gulzar (screenplay) | Sanjay Gupta (story) | Sudipto Chattopadhyay (screenplay) | Javed Siddiqui (dialogue) | Rajiv Gopalkrishnan (story) | S. Farhan (dialogue) | Kamlesh Pandey (screenplay) | S. Farhan (screenplay) | Shivani Tibrewala (story) | Sanjay Gupta (screenplay,560,Himanshu Malik,17,Mani Ratnam,0,1
tt0824316,Dor,2006,22-Sep-06,Drama,Nagesh Kukunoor (screenplay) | Nagesh Kukunoor (story) | Mir Ali Husain (story) | T.A. Razak,561,Mimoh Chakraborty,18,David Dhawan,0,2
tt0824375,Nishabd,2007,2-Mar-07,Drama,Kusum Punjabi (story),562,Nushrat Bharucha,19,Aanand Rai,0,2
tt0826165,Raja Bhai Lagey Raho...,2005,7-Oct-05,Comedy,Dinesh D. Awasthi | Saurabh Bharadwaj (dialogue) | Siddique Durrani (dialogue),563,Sarika,20,Ashwani Dhir,0,1
tt0829200,Humein Tumse Pyar Ho Gaya Chupke Chupke,2003,N/A,Drama,N/A,564,Hema Malini,21,Raj Kumar Gupta,0,1
tt0831816,Shiva,2006,15-Sep-06,Action | Crime | Drama,Farhad Bhiwandiwala | Dev Kohli (lyrics) | Nitin Raikwar (lyrics) | Sajid,565,Krishna Bhatt,22,Rakeysh Omprakash Mehra,0,1
tt0831840,Ahista Ahista,2006,18-Aug-06,Drama | Romance,Imtiaz Ali (story) | Arif Ali (dialogue) | Rajiv b Menon (additional dialogue),566,Dino Morea,23,Sanjay Gadhvi,0,1
tt0832365,Stop!,2004,5-Nov-04,Comedy | Romance,Sanjay Pathak (story) | Ishaan Trivedi (screenplay) | Raghuvir Shekhawat (dialogue),567,Tanushree Dutta,24,Indra Kumar,0,1
tt0833476,Jhoom Barabar Jhoom,2007,15-Jun-07,Comedy | Drama | Musical,Habib Faisal (screenplay) | Anurag Kashyap (story),568,Zakir Hussain,25,Kunal Deshmukh,0,3
tt0833484,The Killer,2006,21-Jul-06,Action | Comedy | Crime,Sanjay Masoom (dialogue),569,Asif Basra,26,Kunal Kohli,0,2
tt0833499,Mashooka,2005,15-Jul-05,Romance | Thriller,Afzal Ahmad (story) | Afzal Ahmad (screenplay) | Akash Dixit (dialogue),570,Sachin Khedekar,27,Abhishek Kapoor,0,1
tt0833537,Souten: The Other Woman,2006,24-Mar-06,Thriller,Karan Razdan,571,Celina Jaitly,28,N. Chandra,0,1
tt0833553,Ta Ra Rum Pum,2007,27-Apr-07,Comedy | Family | Romance,Habib Faisal (screenplay),572,Raima Sen,29,Priyadarshan,0,5
tt0833561,Woh Lamhe,2006,29-Sep-06,Biography | Drama | Romance,Mahesh Bhatt (story) | Shagufta Rafique,573,Gul Panag,30,Shoojit Sircar,0,2
tt0839742,Bhopal: A Prayer for Rain,2014,7-Nov-14,Drama | History,Ravi Kumar | David Brooks | Ravi Kumar,574,Rakesh Bedi,31,Ashutosh Gowariker,0,1
tt0845448,Dhamaal,2007,7-Sep-07,Comedy,Paritosh Painter (story) | Paritosh Painter (screenplay) | Paritosh Painter (dialogue) | Balvinder Singh Suri (dialogue) | Bunty Rathore (dialogue),575,Rati Agnihotri,32,Ram Gopal Varma,0,5
tt0845492,My Name Is Anthony Gonsalves,2008,11-Jan-08,Action | Comedy | Crime,Mayur Puri | Lajan Joseph,576,Ali Fazal,33,Vishal Bhardwaj,0,1
tt0845494,Nanhe Jaisalmer: A Dream Come True,2007,14-Sep-07,Comedy | Drama | Family,Aseem Arora (dialogue) | Aseem Arora (screenplay) | Eklavya Singh Bhati (screenplay) | Eklavya Singh Bhati (story) | Samir Kamik (dialogue) | Samir Kamik (screenplay) | Samir Karnik (story),577,Aarti Chhabria,34,Abbas Alibhai Burmawalla,0,1
tt0845503,Nigehbaan: The Third Eye,2005,25-Feb-05,Thriller,Dilip Shankar (story) | Sayed Sultan (story) | Dilip Shankar (screenplay) | Sayed Sultan (screenplay) | Sayed Sultan (dialogue),578,Satish Kaushik,35,Mastan Alibhai Burmawalla,0,1
tt0845529,Risk,2007,1-Jan-07,Action | Drama | Thriller,N/A,579,Seema Biswas,36,Milan Luthria,0,1
tt0847180,Loot,2011,4-Nov-11,Action | Comedy | Crime,N/A,580,Sanjay Suri,37,Prakash Jha,0,1
tt0847758,Pyaar Zindagi Hai,2001,N/A,Thriller,N/A,581,Arun Bakshi,38,Sanjay Gupta,0,1
tt0857381,I See You,2006,29-Dec-06,Comedy | Drama | Romance,Vivek b Agrawal (story) | Suresh Nair (screenplay) | Niranjan Iyengar (dialogue),582,Arya Babbar,39,Zoya Akhtar,0,1
tt0860454,MP3: Mera Pehla Pehla Pyaar,2007,8-Jun-07,Drama | Romance,Robby Grewal | Sameer Kohli | Arshad Sayed,583,Namrata Shirodkar,40,Madhur Bhandarkar,0,1
tt0872190,Cash,2007,3-Aug-07,Action | Drama | Thriller,Vishal Dadlani (lyrics) | Panchhi Jalonvi (lyrics) | Anubhav Sinha (dialogues) | Vinay (story) | Yash (story),584,Dipannita Sharma,41,Vipul Amrutlal Shah,0,2
tt0874854,Anjaane: The Unkown,2005,30-Dec-05,Horror,Aadesh K. Arjun (dialogue) | Harryy W. Fernaandes (dialogue) | Harryy W. Fernaandes (screenplay) | Harryy W. Fernaandes (story),585,Manu Rishi Chadha,42,Pooja Bhatt,0,1
tt0875692,Aggar: Passion Betrayal Terror,2007,14-Sep-07,Romance | Thriller,S. Farhan | Sayeed Qadri (lyrics),586,Sharad S. Kapoor,43,Anubhav Sinha,0,1
tt0882969,The Golden Boys,2008,16-Nov-08,Comedy | Romance,Daniel Adams | Joseph C. Lincoln (novel),587,Farida Jalal,44,Raj Kanwar,0,1
tt0885398,Anamika: The Untold Story,2008,2-May-08,Drama | Romance | Thriller,Anant Mahadevan (screenplay) | Sameer (lyrics) | Anand S. Vardhan (story),588,Mugdha Godse,45,Anurag Kashyap,0,1
tt0886505,Kaafila,2007,10-Aug-07,Action,Ammtoje Mann (story),589,Riya Sen,46,Krishna D.K.,0,1
tt0886539,Luck by Chance,2009,30-Jan-09,Drama,Zoya Akhtar (story) | Javed Akhtar (dialogue),590,Bhoomika Chawla,47,Vikram Bhatt,0,2
tt0887753,Kya Love Story Hai,2007,20-Apr-07,Comedy | Drama | Romance,Niranjan Iyengar (dialogue) | Master Rinku (screenplay) | Master Rinku (story),591,Tulip Joshi,48,Dibakar Banerjee,0,1
tt0892874,Halla Bol,2008,11-Jan-08,Action | Crime | Drama,Ranjit Kapoor (dialogues) | Dushyant Kumar (lyrics) | Sameer (lyrics) | Rajkumar Santoshi (dialogues) | Rajkumar Santoshi (story),592,Vijay Raaz,49,Shashilal K. Nair,0,2
tt0893585,Detective Naani,2009,22-May-09,Crime | Drama | Family,Romilla Mukherjee,593,Hrishitaa Bhatt,50,Rohan Sippy,0,1
tt0896968,Red: The Dark Side,2007,9-Mar-07,Drama | Romance | Thriller,Manoj Tyagi,594,Dinesh Hingoo,51,Sangeeth Sivan,0,2
tt0898943,Raqeeb,2007,18-May-07,Crime | Drama | Mystery,N/A,595,Sadashiv Amrapurkar,52,Rajkumar Santoshi,0,1
tt0920464,Manorama Six Feet Under,2007,21-Sep-07,Crime | Drama | Mystery,Devika Bhagat (story) | Navdeep Singh (story) | Manoj Tapadia (dialogue) | Abhinav Kashyap (dialogue),596,Mohnish Bahl,53,Sagar Ballary,0,1
tt0926029,99.9 FM,2005,N/A,Crime,N/A,597,Farooq Shaikh,54,Habib Faisal,0,1
tt0926187,Arjun Devaa,2001,N/A,Action | Crime | Musical,Miraq Mirza | Rekha Mistry (lyrics) | Asad Ajmeri (lyrics) | Rafiq Rajasthani (lyrics),598,Vikram Gokhale,55,Satish Kaushik,0,1
tt0964516,Fashion,2008,29-Oct-08,Drama | Romance,Ajay Monga (story) | Madhur Bhandarkar (story) | Niranjan Iyengar (dialogue) | Anuradha Tiwari (story) | Sandeep Nath (lyrics) | Irfan Siddiqui (lyrics),599,Govind Namdeo,56,Sujoy Ghosh,0,4
tt0976026,Cheeni Kum,2007,25-May-07,Comedy | Romance,R. Balki | Manoj Tapadia,600,Kurush Deboo,57,Deepak S. Shivdasani,0,5
tt0979891,Hattrick,2007,16-Mar-07,Comedy | Drama | Romance,Rajat Arora (story),601,Sahil Khan,58,Milind Ukey,0,2
tt0982875,Gauri: The Unborn,2007,30-Nov-07,Drama | Horror | Thriller,Aku Akbar (story) | Mohan Azaad (screenplay) | Kumaar (lyrics) | K. Gireesh Kumar (screenplay),602,Yash Tonk,59,Dev Anand,0,1
tt0985636,Laaga Chunari Mein Daag: Journey of a Woman,2007,12-Oct-07,Drama,Pradeep Sarkar,603,Ishrat Ali,60,Raj Nidimoru,0,2
tt0986213,Aaja Nachle,2007,30-Nov-07,Drama | Musical,Aditya Chopra (story) | Jaideep Sahni (screenplay),604,Milind Gunaji,61,Kookie V. Gulati,0,2
tt0986264,Taare Zameen Par,2007,21-Dec-07,Drama | Family,Amole Gupte (dialogue & screenplay) | Amole Gupte (story),605,Sudesh Berry,62,Mani Shankar,0,7
tt0988655,A Flat,2010,12-Nov-10,Drama | Horror | Romance,Hemant Madhukar (screenplay) | Hemant Madhukar (story) | Ajay Monga (screenplay),606,Rajit Kapoor,63,Nikhil Advani,0,1
tt0989633,Delhii Heights,2007,30-Mar-07,Drama | Romance,Sanyukta Verma | Sanyukta Shaikh Chawla,607,Nassar Abdulla,64,Pradeep Sarkar,0,1
tt0991267,30 Days,2004,N/A,Horror,N/A,608,Snehal Dabi,65,Ken Ghosh,0,1
tt0991346,Bhoothnath,2008,9-May-08,Comedy | Drama | Fantasy,Sudhanshu Dube (screenplay) | Vivek Sharma (screenplay),609,Sandali Sinha,66,Samir Karnik,0,4
tt0995031,Bhool Bhulaiyaa,2007,12-Oct-07,Comedy | Horror | Mystery,Neeraj Vora (screenplay) | Manisha Korde (dialogue) | Madhu Muttam (original story),610,Kader Khan,67,Arshad Khan,0,6
tt0995035,Dhol,2007,14-Sep-07,Comedy,Manisha Korde (screenplay),611,Rajeev Khandelwal,68,Govind Menon,0,4
tt0995718,Ek Chalis Ki Last Local,2007,18-May-07,Adventure | Comedy | Crime,Sanjay M. Khanduri | Raghuvir Shekhawat (dialogue),612,Anupama Verma,69,Rajat Kapoor,0,1
tt0995740,No Smoking,2007,26-Oct-07,Drama | Thriller,Raj Singh Chaudhary (story) | Anurag Kashyap (story) | Anurag Kashyap (screenplay),613,Anang Desai,70,Rajat Mukherjee,0,1
tt0995752,Tashan,2008,25-Apr-08,Action | Comedy | Crime,Vijay Krishna Acharya (story) | Vijay Krishna Acharya (screenplay) | Vijay Krishna Acharya (dialogue) | Piyush Mishra (lyrics) | Vishal Dadlani (lyrics) | Kausar Munir (lyrics),614,Himesh Reshammiya,71,Apoorva Lakhia,0,3
tt0995823,Khoya Khoya Chand,2007,7-Dec-07,Drama | Romance,Sudhir Mishra (screenplay) | Sudhir Mishra (story) | Jaydeep Sarkar (story),615,Bharati Achrekar,72,Anant Mahadevan,0,1
tt0995827,The Train: Some Lines Shoulder Never Be Crossed...,2007,N/A,Thriller,Hriday Lani (screenplay) | Sanjay Masoom (dialogue),616,Ashish Vidyarthi,73,Sriram Raghavan,0,2
tt0995840,Aap Kaa Surroor: The Moviee - The Real Luv Story,2007,29-Jun-07,Drama | Romance | Thriller,Prashant Chadha | Sameer (lyrics) | Prashant Singh (screenplay) | Vibha Singh (screenplay),617,Purab Kohli,74,Dharmesh Darshan,0,4
tt1014672,Bheja Fry,2007,13-Apr-07,Comedy | Drama,Sagar Ballary (screenplay) | Arpita Chatterjee | Sharat Katariya (dialogue),618,Ila Arun,75,Aditya Datt,0,6
tt1016044,Yehi Hai Zindagi,2005,7-Jan-05,Action | Crime | Drama,Sanjay Churmure (lyrics),619,Ram Kapoor,76,Suneel Darshan,0,1
tt1016159,Chain Kulii Ki Main Kulii,2007,22-Jun-07,Comedy | Drama | Family,Nupur Asthana (screenplay) | Jay Shewakramani (story) | Irfan Siddiqui (lyrics) | Satyam Tripathi (dialogue),620,Manoj Joshi,77,Shashant Shah,0,1
tt1017456,Race,2008,21-Mar-08,Action | Crime | Drama,Shiraz Ahmed (screenplay) | Shiraz Ahmed (story) | Jitendra Parmar (dialogue) | Anurag Prapanna (dialogue),621,Preeti Jhangiani,78,Sudhir Mishra,0,6
tt1020937,Awarapan,2007,29-Jun-07,Action | Crime | Drama,Shagufta Rafique (dialogue & screenplay),622,Jacky Bhagnani,79,Harry Baweja,0,1
tt1020978,Naqaab,2007,13-Jul-07,Crime | Drama | Romance,Shiraz Ahmed (screenplay) | Shiraz Ahmed (story) | Jitendra Parmar (dialogue) | Anurag Prapanna (dialogue) | Sameer (lyrics),623,Anuj Sawhney,80,Tigmanshu Dhulia,0,1
tt1024839,De Taali,2008,20-Jun-08,Comedy | Drama | Romance,Vishal Dadlani (lyrics) | Ruchika Roy (associate screenplay) | Abbas Tyrewala,624,Neha Sharma,81,Kundan Shah,0,2
tt1024852,Meerabai Not Out,2008,5-Dec-08,Comedy | Drama | Romance,Ajit Dalvi (dialogues) | R.N. Dubey (lyrics) | Ashish Puri (lyrics) | Soumik Sen (story) | Irfan Siddiqui (lyrics),625,Neena Gupta,82,Deepak Tijori,0,1
tt1024943,Om Shanti Om,2007,9-Nov-07,Action | Comedy | Drama,Farah Khan (story) | Mushtaq Sheikh (screenplay) | Farah Khan (screenplay) | Mayur Puri (dialogue),626,Gajendra Chouhan,83,Shashanka Ghosh,0,8
tt1029231,Krrish 3,2013,1-Nov-13,Action | Sci-Fi,Rakesh Roshan (story) | Robin Bhatt (screenplay) | Honey Irani (screenplay) | Irfan Kamal (screenplay) | Akarsh Khurana (screenplay) | Rakesh Roshan (screenplay) | Sanjay Masoom (dialogue) | David Benullo (story),627,Perizaad Zorabian,84,Rahul Rawail,1,8
tt1034449,Kidnap,2008,2-Oct-08,Crime | Drama | Thriller,Vijayvargiya Anshul (additional dialogue) | Yatharth Awasthi (additional dialogue) | Shibani Bathija (story) | Shibani Bathija | Sanjay Gadhvi (dialogue) | Mayur Puri (lyrics) | Sandeep Vyas (lyrics) | Sanjeev Vyas (lyrics),628,Aryan Vaid,85,Raksha Mistry,0,2
tt1039989,Sunday,2008,25-Jan-08,Action | Comedy | Romance,Robin Bhatt (screenplay) | Robin Bhatt (story) | Tushar Hiranandani (screenplay) | Sajid (dialogue) | K. Subhash (screenplay),629,Prateik,86,Nagesh Kukunoor,0,2
tt1039995,U Me Aur Hum,2008,11-Apr-08,Comedy | Drama | Romance,Robin Bhatt (screenplay) | Ajay Devgn (story) | Ashwani Dhir (dialogue) | Sutanu Gupta (screenplay) | Akarsh Khurana (screenplay),630,Sayaji Shinde,87,Mahesh Manjrekar,0,2
tt1043451,Delhi-6,2009,20-Feb-09,Comedy | Drama,Rakeysh Omprakash Mehra (story) | Prasoon Joshi (story) | Kamlesh Pandey (story),631,Anita Hassandani,88,Suparn Verma,0,2
tt1043876,Woodstock Villa,2008,30-May-08,Drama | Mystery | Thriller,The Aryans (lyrics) | S. Farhan (screenplay) | S. Farhan (story) | Rajiv Gopalkrishnan (screenplay) | Sanjay Gupta (screenplay) | Virag Mishra (lyrics) | Manoj Muntashir (lyrics) | Milap Zaveri (dialogue),632,Pooja Batra,89,Ashwini Chaudhary,0,2
tt1047519,Red Swastik,2007,8-Jun-07,Crime | Drama | Thriller,Vinod Pande,633,Vatsal Seth,90,Hansal Mehta,0,1
tt1050739,Roadside Romeo,2008,24-Oct-08,Animation | Comedy | Family,Jugal Hansraj,634,Suman Ranganathan,91,Karan Razdan,0,1
tt1056465,Chanchal,2008,N/A,Drama | Musical,N/A,635,Javed Jaffrey,92,Eeshwar Nivas,0,1
tt1060249,Drona,2008,2-Oct-08,Action | Adventure | Drama,Goldie Behl | Rohini Killough (screenplay) | Vaibhav Modi (lyrics) | Jaydeep Sarkar (screenplay),636,Mukesh Bhatt,93,Hasnain Hyderabadwala,0,1
tt1065099,My Friend Ganesha,2007,6-Jul-07,Animation,Rajiv S. Ruia (story) | S. Sachinder,637,Arjan Bajwa,94,Subhash Ghai,0,2
tt1077248,Johnny Gaddaar,2007,28-Sep-07,Crime | Drama | Thriller,Vinay Choudary (additional screenplay) | Sriram Raghavan,638,Kabir Bedi,95,Guddu Dhanoa,0,2
tt1079967,Hastey Hastey Follow Your Heart,2008,23-May-08,Comedy | Drama,Gabinder Agarwal (screenplay) | Rohit Karn Batra (story) | Bolu Khan (screenplay) | Jay Menon (story) | Ritesh Pandey (screenplay) | Sameer (lyrics),639,Mukul Dev,96,Kabir Sadanand,0,1
tt1083447,Buddha Mar Gaya,2007,17-Aug-07,Comedy,Raju Saigal (story) | Anand Sivakumaran (screenplay),640,Shawar Ali,97,Kanti Shah,0,2
tt1083988,Journey Bombay to Goa: Laughter Unlimited,2007,6-Jul-07,Comedy,Yunus Sajawal (screenplay),641,Ayesha Jhulka,98,Robby Grewal,0,2
tt1084972,Wanted,2009,18-Sep-09,Action | Comedy | Crime,Sunil Kumar Agrawal (dialogue associate) | Shabbir Ahmed (lyrics) | Shiraz Ahmed (screenplay) | Wajid Ali (lyrics) | Arun Bhairav (lyrics) | Puri Jagannadh (story) | Jalees Sherwani (lyrics),642,Rajesh Khanna,99,Hriday Shetty,0,6
tt1087856,Hello,2008,10-Oct-08,Drama | Romance,Atul Agnihotri (screenplay) | Chetan Bhagat (additional dialogue) | Chetan Bhagat (book) | Jalees Sherwani (lyrics) | Alok Upadhyay (additional dialogue),643,Birbal,100,Anant Balani,0,2
tt1090650,Dhokha,2007,31-Aug-07,Action | Drama | Romance,Shagufta Rafique,644,Sayali Bhagat,101,Kabeer Kaushik,0,1
tt1091229,Chandni Chowk to China,2009,16-Jan-09,Action | Adventure | Comedy,Rajat Arora (dialogue) | Bohemia (lyrics) | Kailash Kher (lyrics) | Shridhar Raghavan,645,Kiran Kumar,102,Amol Shetge,0,1
tt1092005,Golmaal Returns,2008,29-Oct-08,Comedy | Crime | Drama,Indie (lyrics) | Rumi Jaffery | Ashiesh Pandit (lyrics) | Yunus Sajawal (screenplay) | Sameer (lyrics) | Neeraj Shridhar (lyrics) | Neeraj Vora (dialogue),646,Chunky Pandey,103,Pankaj Parashar,1,6
tt1093370,Jab We Met,2007,26-Oct-07,Comedy | Romance,Imtiaz Ali,647,Mandira Bedi,104,N/A,0,6
tt1093387,Sab Kuch Hai Kuch Bhi Nahin,2005,15-Apr-05,Drama,N/A,648,Makrand Deshpande,105,Rajiv S. Ruia,0,1
tt1095038,Victoria No. 203: Diamonds Are Forever,2007,31-Aug-07,Comedy | Crime | Mystery,Sanjeev Puri (dialogue) | Manoj Tyagi (adaptation),649,Aditya Srivastava,106,Ashu Trikha,0,1
tt1099196,Dil Dosti Etc,2007,28-Sep-07,Comedy | Crime | Drama,Ram Goutam (lyrics) | Kumaar (lyrics) | Prashant Pandey (lyrics) | Siddharth (lyrics) | Pawan Sony (screenplay) | Suhas (lyrics) | Manish Tiwary,650,Nauheed Cyrusi,107,Tanuja Chandra,0,2
tt1101665,Shaurya: It Takes Courage to Make Right... Right,2008,4-Apr-08,Crime | Drama | Thriller,Samar Khan | Aparnaa Malhotra | Jaydeep Sarkar,651,Abhay Bhargav,108,Mehul Kumar,0,2
tt1105709,8 x 10 Tasveer,2009,3-Apr-09,Crime | Drama | Mystery,Bohemia (lyrics) | Nagesh Kukunoor | Sameer (lyrics) | Irfan Siddiqui (lyrics),652,Prashant Narayanan,109,Ashok Tyagi,0,1
tt1105733,Kismat Konnection,2008,18-Jul-08,Comedy | Drama | Romance,Sanjay Chhel | Sai Kabir (screenplay) | Ashish Kariya (dialogue) | Rahila Mirza (story) | Vibha Singh (screenplay),653,Puru Rajkumar,110,Chandan Arora,0,2
tt1105747,Yuvvraaj,2008,21-Nov-08,Comedy | Drama | Romance,Sachin Bhowmick (screenplay) | Subhash Ghai (story) | Kamlesh Pandey (screenplay),654,Rohini Hattangadi,111,Rahat Kazmi,0,1
tt1114725,Heroes,2008,24-Oct-08,Action | Adventure | Comedy,Aseem Arora (story) | Samir Karnik (screenplay) | Aseem Arora (screenplay) | Samir Karnik (dialogue) | Aseem Arora (dialogue),655,Mukesh Ahuja,112,Raj N. Sippy,0,2
tt1117964,Bobby: Love and Lust,2005,25-Nov-05,Romance,N/A,656,Nagesh Bhonsle,113,Ajai Sinha,0,1
tt1118646,Aseema: Beyond Boundaries,2009,18-Dec-09,Drama | Romance,Kadambini Mishra (screenplay) | Sisir Misra (dialogue) | Sisir Misra (screenplay) | Sailaja Kumari Aparajita Mohanty (original novel),657,Shweta Bhardwaj,114,Shyam Ramsay,0,1
tt1120897,Dhan Dhana Dhan Goal,2007,23-Nov-07,Sport,Anurag Kashyap (dialogue) | Rohit Malhotra (story) | Vikramaditya Motwane (screenplay),658,Vikas Anand,115,Jag Mundhra,0,2
tt1124386,Pankh,2010,2-Apr-10,Drama,Sudipto Chattopadhyay (story) | Sudipto Chattopadhyay,659,Akhilendra Mishra,116,Kalpana Lajmi,0,1
tt1126516,Money Hai Toh Honey Hai,2008,25-Jul-08,Comedy | Drama,Muazzam Beg | Sameer (lyrics),660,Rituparna Sengupta,117,Ajay Chandhok,0,1
tt1127870,Mumbai Salsa,2007,26-Oct-07,Comedy | Drama,Dheeraj Rattan (additional screenplay) | Manoj Tyagi (screenplay),661,Hazel Croney,118,Puneet Sira,0,1
tt1132589,Hijack,2008,5-Sep-08,Action | Drama | Thriller,Gavendra Agarwal (story) | Kumaar (lyrics) | Kunal Shivdasani (story),662,Harman Baweja,1,Rajkumar Hirani,0,1
tt1132595,Maan Gaye Mughall-E-Azam,2008,22-Aug-08,Comedy | Crime | Drama,Sanjay Chhel | Sunil Munshi (screenplay),663,Sudha Chandran,2,Farah Khan,0,1
tt1132606,Ugly Aur Pagli,2008,1-Aug-08,Comedy | Drama,Anil Pandey (story) | Amitabh Verma (lyrics) | Suparn Verma (additional screenplay & dialogue),664,Shabana Azmi,3,Karan Johar,0,2
tt1137434,Aabra Ka Daabra,2004,N/A,Fantasy,N/A,665,Benjamin Gilani,4,Sajid Khan,0,1
tt1137979,Rama Rama Kya Hai Dramaaa,2008,1-Feb-08,Comedy | Drama | Romance,Chandrakant Singh (story) | Mohammed Salim (screenplay),666,Dev Anand,5,Rohit Shetty,0,1
tt1139671,Yeh Hai Pyar Ka Mausam,2001,N/A,Crime,M.L. Bhaskar,667,Tanvi Azmi,6,Kabir Khan,0,1
tt1144804,Kambakkht Ishq,2009,3-Jul-09,Action | Comedy | Romance,Sabir Khan (screenplay) | Ishita Moitra (screenplay) | Anvita Dutt Guptan (dialogue) | Kiran Kotrial (screenplay),668,Adi Irani,7,Anil Sharma,0,4
tt1146325,Singh Is Kinng,2008,8-Aug-08,Action | Comedy | Crime,Anees Bazmee (writer & dialogue) | Vipul Binjola (dialogue) | Suresh Nair | Rishi Virmani (dialogue),669,Achint Kaur,8,Farhan Akhtar,0,7
tt1156148,Karzzzz,2008,17-Oct-08,Action | Drama | Musical,Shiraz Ahmed (screenplay) | Sameer (lyrics),670,Yuvika Chaudhry,9,Siddharth Anand,0,1
tt1159917,Bombay to Bangkok,2008,18-Jan-08,Comedy | Drama | Romance,Nagesh Kukunoor,671,Pankaj Berry,10,Anees Bazmee,0,1
tt1166100,Ghajini,2008,25-Dec-08,Action | Drama | Mystery,Piyush Mishra (dialogue) | A.R. Murugadoss (story),672,Varun Dhawan,11,Prabhudheva,0,8
tt1169841,Return of Hanuman,2007,28-Dec-07,Animation | Action | Adventure,Anurag Kashyap,673,Nargis Fakhri,12,Shaad Ali,1,1
tt1170399,C Kkompany,2008,29-Aug-08,Comedy | Drama,Shabbir Ahmed (lyrics) | Anand Raj Anand (lyrics) | Sachin Yardi,373,Aamir Khan,13,Anurag Basu,0,1
tt1170404,Mere Baap Pehle Aap,2008,13-Jun-08,Comedy | Drama | Romance,Manisha Korde (dialogue) | Priyadarshan (story) | Kalavur Ravikumar (story) | Sameer (lyrics),374,Shah Rukh Khan,14,Mohit Suri,0,3
tt1170411,Victory,2009,30-Jan-09,Drama | Sport,Darab Farooqui (dialogue script) | Kannan Iyer (screenplay) | Anupam Maanav (additional dialogue) | Ajit Pal Mangat (story),375,Salman Khan,15,Sanjay Leela Bhansali,0,1
tt1172587,Delhi Safari,2012,7-Dec-12,Animation,Nikhil Advani (screenplay) | Nikhil Advani (story) | Rahul Awate (dialogue) | Girish Dhamija (dialogue) | Girish Dhamija (screenplay) | Suresh Nair (screenplay) | Milap Zaveri (dialogue),376,Katrina Kaif,16,Imtiaz Ali,0,1
tt1174041,Main Aurr Mrs Khanna,2009,16-Oct-09,Comedy | Drama,Arun Bhairav (lyrics) | Suzanne D'Mello (lyrics) | Jalees Sherwani (lyrics) | Prem Soni (screenplay) | Junaid Wasi (lyrics),377,Deepika Padukone,17,Mani Ratnam,0,1
tt1176141,Zahreela,2001,5-Mar-01,Action,Iqbal Durrani (dialogue) | Sanjay Kumar (screenplay),378,Hrithik Roshan,18,David Dhawan,0,1
tt1176201,Jai Ganesh Deva,2001,N/A,Fantasy,N/A,379,Priyanka Chopra,19,Aanand Rai,0,1
tt1176911,Quick Gun Murugun: Misadventures of an Indian Cowboy,2009,28-Aug-09,Action | Comedy | Drama,Rajesh Devraj (story),380,Kareena Kapoor,20,Ashwani Dhir,0,2
tt1176960,One Two Three,2008,28-Mar-08,Action | Comedy | Drama,Ashwani Dhir (screenplay),381,Ranbir Kapoor,21,Raj Kumar Gupta,0,4
tt1176961,Paying Guests,2009,19-Jun-09,Comedy | Drama,Wajid Ali (lyrics) | Rashid Firozabadi (lyrics) | Lawrence John (additional dialogue & screenplay) | Paritosh Painter (story) | Jalees Sherwani (lyrics) | A.K. Upadhyay (lyrics),382,Kajol,22,Rakeysh Omprakash Mehra,0,2
tt1178657,Superstar,2008,8-Feb-08,Drama | Romance,Rohit Jugraj | Sudip Sharma | Rahul Singh (story) | Rahul Singh,383,John Abraham,23,Sanjay Gadhvi,0,1
tt1179781,Mission Istaanbul: Darr Ke Aagey Jeet Hai!,2008,25-Jul-08,Action | Adventure | Drama,Shabbir Ahmed (lyrics) | Chirantan Bhatt (lyrics) | Ege (lyrics) | Hamza Faruqui (lyrics) | Apoorva Lakhia (screenplay) | Virag Mishra (lyrics) | Suresh Nair (screenplay) | Suresh Nair (story) | Sameer (lyrics) | Mika Singh (lyrics) | Raj Vasant (dialogue),384,Amitabh Bachchan,24,Indra Kumar,0,1
tt1179782,Mithya,2008,8-Feb-08,Comedy | Crime | Drama,Rajat Kapoor | Saurabh Shukla | Neerav Ghosh (lyrics) | Ashish Manchanda (lyrics) | Shahid Hamdaane (lyrics) | Prakash Chandra Dhamak (lyrics),385,Sonakshi Sinha,25,Kunal Deshmukh,0,3
tt1182884,Dulha Mil Gaya,2010,8-Jan-10,Comedy | Drama,Mudassar Aziz (story) | Mudassar Aziz | Neeraj Udhwani (script associate) | Vivek Vaswani (story),386,Alia Bhatt,26,Kunal Kohli,0,1
tt1182908,Krazzy 4,2008,11-Apr-08,Action | Comedy | Crime,Ashwani Dhir (screenplay) | Rakesh Roshan (story),387,Ajay Devgn,27,Abhishek Kapoor,0,4
tt1182937,Rab Ne Bana Di Jodi,2008,12-Dec-08,Comedy | Drama | Musical,Aditya Chopra (story),388,Asin,28,N. Chandra,0,8
tt1182972,Bachna Ae Haseeno,2008,15-Aug-08,Comedy | Drama | Romance,Aditya Chopra (story) | Devika Bhagat (screenplay) | Anvita Dutt Guptan (dialogue),389,Farhan Akhtar,29,Priyadarshan,0,5
tt1183917,Teen Patti,2010,26-Feb-10,Drama | Thriller,Shivkumar Subramaniam (story) | Leena Yadav (story) | Ben Rekhi (english dialogue),390,Arjun Kapoor,30,Shoojit Sircar,0,1
tt1183944,Sadiyaan: Boundaries Divide... Love Unites,2010,2-Apr-10,Drama | Romance,Abhay Kanwar (re-written by) | Raj Kanwar (screenplay) | Raj Kanwar (story) | Sameer (lyrics) | Javed Siddiqui (dialogues),391,Akshay Kumar,31,Ashutosh Gowariker,0,1
tt1183946,The Stoneman Murders,2009,13-Feb-09,Crime | Drama | Mystery,Manish Gupta,392,Anushka Sharma,32,Ram Gopal Varma,0,1
tt1185412,Veer,2010,22-Jan-10,Action | Adventure | Drama,Shailesh Verma (screenplay) | Shaktimaan Talwar (screenplay) | Salman Khan (story),393,Vidya Balan,33,Vishal Bhardwaj,0,3
tt1185420,Dostana,2008,14-Nov-08,Comedy | Drama | Romance,Anvita Dutt Guptan (dialogue script) | Tarun Mansukhani (first story),394,Aishwarya Rai Bachchan,34,Abbas Alibhai Burmawalla,0,4
tt1185442,Kurbaan,2009,20-Nov-09,Action | Crime | Drama,Renzil D'Silva (screenplay) | Niranjan Iyengar (dialogues) | Karan Johar (story) | Anurag Kashyap (dialogues) | Irfan Siddiqui (lyrics),395,Ranveer Singh,35,Mastan Alibhai Burmawalla,0,2
tt1187043,3 Idiots,2009,25-Dec-09,Comedy | Drama,Rajkumar Hirani | Abhijit Joshi | Vidhu Vinod Chopra (screenplay),396,Vir Das,36,Milan Luthria,0,9
tt1188982,Jai Ho,2014,24-Jan-14,Action | Drama,A.R. Murugadoss (story) | Dilip Shukla (screenplay),397,Shahid Kapoor,37,Prakash Jha,0,5
tt1188996,My Name Is Khan,2010,12-Feb-10,Drama | Romance | Thriller,Shibani Bathija (story) | Shibani Bathija (dialogue) | Niranjan Iyengar (dialogue),398,Saif Ali Khan,38,Sanjay Gupta,0,6
tt1189006,Toonpur Ka Superrhero,2010,24-Dec-10,Animation | Action | Adventure,Raagi Bhatnagar (story) | Bhimsain (story) | Munna Dhiman (lyrics) | Mubeen Farooqi (dialogue) | Kireet Khurana (screenplay) | Kumaar (lyrics),399,Anil Kapoor,39,Zoya Akhtar,0,1
tt1191118,Hello Darling,2010,27-Aug-10,Comedy | Drama,Shabbir Ahmed (lyrics) | Kumaar (lyrics) | Ashiesh Pandit (lyrics) | Sachin Shah | Pankaj Trivedi,400,Prakash Raj,40,Madhur Bhandarkar,0,1
tt1191138,Thoda Pyaar Thoda Magic,2008,28-Jun-08,Comedy | Drama | Family,Rohena Gera (screenplay) | Kunal Kohli (story),401,Sonam Kapoor,41,Vipul Amrutlal Shah,0,2
tt1194232,Jaane Kahan Se Aayi Hai,2010,9-Apr-10,Comedy | Drama | Fantasy,Sameer (lyrics) | Milap Zaveri (story),402,Sanjay Kapoor,42,Pooja Bhatt,0,1
tt1194236,Get Educated: Paathshaala,2010,16-Apr-10,Drama,Ahmed Khan (story),403,Jacqueline Fernandez,43,Anubhav Sinha,0,2
tt1194608,Ek Vivaah... Aisa Bhi,2008,7-Nov-08,Drama | Romance,Sooraj R. Barjatya (story) | Ashapurna Devi (story) | Ravindra Jain (lyrics) | Shashi Mittal (dialogue & screenplay) | Sumit Mittal (dialogue & screenplay),404,Abhishek Bachchan,44,Raj Kanwar,0,2
tt1198101,Kites,2010,21-May-10,Action | Drama | Romance,Anurag Basu (screenplay) | Robin Bhatt (screenplay) | Sanjeev Dutta (dialogue) | Akarsh Khurana (additional English dialogue) | Akarsh Khurana (screenplay) | Rakesh Roshan (story),405,Imran Khan,45,Anurag Kashyap,0,2
tt1199490,Bad Luck Govind,2009,9-Jan-09,Comedy | Crime | Drama,Varun Khanna (dialogue),406,Rekha,46,Krishna D.K.,0,1
tt1199534,Tulsi: Mathrudevobhava,2008,18-Jan-08,Drama,N/A,407,Tabu,47,Vikram Bhatt,0,1
tt1201557,Acid Factory,2009,9-Oct-09,Action | Crime | Drama,Milind Gadagkar (screenplay) | Milind Gadagkar (story) | Sanjay Gupta (additional dialogue) | Sanjay Gupta (screenplay) | Saurabh Shukla (dialogue) | Suparn Verma (screenplay),408,Madhavan,48,Dibakar Banerjee,0,1
tt1202344,Ab... Bas!,2004,26-Nov-04,Thriller,Atul Sharma,409,Sanjay Dutt,49,Shashilal K. Nair,0,1
tt1202517,Barah Aana,2009,16-Oct-09,Comedy | Crime | Drama,Raj Kumar Gupta (screenplay) | Raja Menon (story),410,Parineeti Chopra,50,Rohan Sippy,0,1
tt1202540,Dil Bole Hadippa!,2009,18-Sep-09,Comedy | Drama | Sport,Aparajita | Jaya,411,Madhuri Dixit,51,Sangeeth Sivan,0,2
tt1214948,Bhram: An Illusion,2008,4-Apr-08,Drama | Mystery | Romance,Bhavani Iyer (screenplay) | Radhika Anand (dialogues) | Irshad Kamil (lyrics) | Kumaar (lyrics),412,Preity Zinta,52,Rajkumar Santoshi,0,1
tt1216276,26th July at Barista,2008,14-Mar-08,Drama,Rahil Qazi (screenplay) | Sandarbh (lyrics),413,Govinda,53,Sagar Ballary,0,1
tt1216300,Jannat: In Search of Heaven...,2008,16-May-08,Crime | Drama | Romance,Vishesh Bhatt (screenplay) | Kunal Deshmukh (story) | Sanjay Masoom (dialogue),414,Emraan Hashmi,54,Habib Faisal,0,7
tt1217608,Yaar Meri Zindagi,2008,22-Apr-08,Drama | Family | Musical,Yash Pal (dialogue) | V.K. Sharma (dialogue),415,Bipasha Basu,55,Satish Kaushik,0,1
tt1218038,The President Is Coming,2009,9-Jan-09,Comedy,Anuvab Pal,416,Uday Chopra,56,Sujoy Ghosh,0,1
tt1218345,Dil Kabaddi,2008,5-Dec-08,Comedy | Drama,Vivek Anand | Anil Senior | Lezlie George Sparkx,417,Aditya Roy Kapoor,57,Deepak S. Shivdasani,0,2
tt1220718,Via Darjeeling,2008,27-Jun-08,Drama | Mystery | Thriller,Ranjan Das | Gautam Nag (lyrics) | Arindam Nandy | Atul Sabharwal (dialogue) | Siladitya Sanyal | Mrityunjay Kumar Singh (lyrics) | Vibha Singh (lyrics) | Sanjeev Tiwari (lyrics),418,Ritesh Deshmukh,58,Milind Ukey,0,1
tt1221133,EMI: Liya Hai To Chukana Padega,2008,7-Nov-08,Comedy | Crime | Drama,Shabbir Ahmed (lyrics) | Khalid Azmi (dialogue) | Shakeel Azmi (lyrics) | Moortuza Borsadi (screenplay) | Hamza Faruqui (lyrics) | Saurabh Kabra (screenplay) | Sarim Momin (lyrics) | Nitin Raikwar (dialogue) | T. Govinda Rajan (dialogue) | Amar Valentine (lyrics) | Junaid Wasi (lyrics),419,Rishi Kapoor,59,Dev Anand,0,1
tt1221139,Welcome to Sajjanpur,2008,19-Sep-08,Comedy | Drama,Ashok Mishra (screenplay) | Shyam Benegal (story),420,Kangana Ranaut,60,Raj Nidimoru,0,4
tt1221142,Mumbai Cutting,2011,1-Mar-11,Drama,Jahnu Barua | Rahul Dholakia | Rituparno Ghosh | Anurag Kashyap | Sudhir Mishra | Kundan Shah | Gaurav Sinha,421,Dia Mirza,61,Kookie V. Gulati,0,1
tt1223922,Blue,2009,16-Oct-09,Action | Adventure | Romance,Anthony D'Souza | Mayur Puri (dialogue),422,Amrish Puri,62,Mani Shankar,0,2
tt1224454,Sirf....: Life Looks Greener on the Other Side,2008,25-Apr-08,Drama,Rajatesh Nayyar (story) | Shashikant Verma (story) | Santosh Saroj (dialogue) | Mehboob (lyrics) | Vipul Saini (lyrics),423,Amrita Rao,63,Nikhil Advani,0,1
tt1227524,Aashayein,2010,27-Aug-10,Comedy | Drama,Nagesh Kukunoor,424,Lara Dutta,64,Pradeep Sarkar,0,1
tt1227762,Aladin,2009,30-Oct-09,Action | Adventure | Comedy,Vishal Dadlani (lyrics) | Sujoy Ghosh (screenplay) | Suresh Nair (additional story) | Ritesh Shah (dialogue) | Ritesh Shah (story),425,Om Puri,65,Ken Ghosh,0,1
tt1228707,Jimmy,2008,9-May-08,Action | Crime | Drama,Ranbir Pushp | Anand Raj Anand (lyrics) | Virag Mishra (lyrics),426,Kiron Kher,66,Samir Karnik,0,1
tt1228726,Mr. White Mr. Black,2008,2-May-08,Action | Comedy | Crime,Deepak S. Shivdasani (story) | Nishikant Kamat (screenplay) | Sanjay Pawar (screenplay) | Sanjeev Duggal (screenplay) | Sameer (lyrics),427,Mallika Sherawat,67,Arshad Khan,0,1
tt1228744,Pranali: The Tradition,2008,2-May-08,Crime | Drama,Hridesh Kamble (story) | Manoj Pandey (story) | Manoj Pandey (dialogue),428,Sonu Sood,68,Govind Menon,0,1
tt1230165,Rock On!!,2008,29-Aug-08,Drama | Music,Farhan Akhtar (dialogue) | Pubali Chaudhuri (screenplay) | Abhishek Kapoor (story),429,Nana Patekar,69,Rajat Kapoor,0,4
tt1230448,Billu,2009,13-Feb-09,Comedy | Drama,Manisha Korde (dialogue) | Priyadarshan (screenplay) | Mushtaq Sheikh (screenplay) | Sreenivasan (story),430,Vinod Khanna,70,Rajat Mukherjee,0,2
tt1234250,Mehbooba,2008,11-Jul-08,Drama | Romance,Robin Bhatt (additional screenplay) | Rumi Jaffery (story) | Afzal Khan (screenplay) | Javed Siddiqui (dialogue),431,Kalki Koechlin,71,Apoorva Lakhia,0,1
tt1236441,Phir Kabhi,2008,N/A,Drama | Romance,M. Sindhuraj | Kamlesh Kunti Singh (dialogue),432,Rani Mukerji,72,Anant Mahadevan,0,1
tt1238718,Alibaba Aur 40 Chor,2004,10-Dec-04,Action | Adventure | Drama,Farukh Barelvi (dialogue writer),433,Rajkummar Rao,73,Sriram Raghavan,0,1
tt1238735,Dhoom Dadakka,2008,23-May-08,Comedy | Crime | Drama,Ashwani Dhir (dialogue) | Ashwani Dhir (story) | Shashi Ranjan (story) | Kabir Shrivastava (dialogue) | Kabir Shrivastava (story),434,Tusshar Kapoor,74,Dharmesh Darshan,0,1
tt1241195,Aamir,2008,6-Jun-08,Drama | Thriller,Raj Kumar Gupta (story),435,Arjun Rampal,75,Aditya Datt,0,2
tt1241334,Saas Bahu Aur Sensex,2008,19-Sep-08,Comedy | Drama,Raqueeb Alam (lyrics) | BlaaZe (lyrics) | Shona Urvashi (screenplay),436,Paresh Rawal,76,Suneel Darshan,0,1
tt1242530,What's Your Raashee?,2009,2-Oct-09,Comedy | Drama | Romance,Ashutosh Gowariker (screenplay) | Naushil Mehta (screenplay) | Amit Mistry (dialogue) | Madhu Rye (novel),437,Supriya Pathak,77,Shashant Shah,0,1
tt1242782,Luck,2009,31-Jul-09,Action | Adventure | Drama,Renzil D'Silva (screenplay) | Soham Shah (dialogue) | Soham Shah (screenplay) | Soham Shah (story),438,Nawazuddin Siddiqui,78,Sudhir Mishra,0,2
tt1242843,Contract,2008,18-Jul-08,Action | Crime | Drama,Mehboob (lyrics) | Prashant Pandey (story),439,Naseeruddin Shah,79,Harry Baweja,0,2
tt1244093,Hisss,2010,22-Oct-10,Comedy | Drama | Horror,Jennifer Chambers Lynch | Gulfam Khan (dialogue),440,Randeep Hooda,80,Tigmanshu Dhulia,0,1
tt1245774,Jail,2009,6-Nov-09,Drama,Madhur Bhandarkar (story) | Ajaykumar Garg (lyrics) | Sandeep Nath (lyrics) | Sharib (lyrics) | Raghuvir Shekhawat (dialogue) | Anuradha Tiwari (story) | Toshi (lyrics) | Turaz (lyrics) | Manoj Tyagi (story),441,Jaya Bhaduri,81,Kundan Shah,0,2
tt1252488,Haal-e-Dil,2008,20-Jun-08,Drama | Romance,Shabbir Ahmed (lyrics) | Sajid Ali (dialogue) | Farhad Bhiwandiwala (dialogue) | Sanjay Chhel (dialogue) | Aditya Dhar (lyrics) | Munna Dhiman (lyrics) | Dheeraj Rattan (screenplay) | Dheeraj Rattan (story) | Sameer (lyrics),442,Karisma Kapoor,82,Deepak Tijori,0,1
tt1252562,Khushboo: The Fragraance of Love,2008,20-Jun-08,Comedy | Drama | Romance,Javed Akhtar (lyrics) | Pathik Vats (dialogue),443,Sharman Joshi,83,Shashanka Ghosh,0,1
tt1252594,Aasma: The Sky Is the Limit,2009,23-Jan-09,Drama,Shubh,444,Boman Irani,84,Rahul Rawail,0,1
tt1252596,Ajab Prem Ki Ghazab Kahani,2009,6-Nov-09,Comedy | Romance,K. Rajeshwar (story) | Rajkumar Santoshi (screenplay) | R.D. Tailang (dialogues) | R.D. Tailang (screenplay),445,Satish Shah,85,Raksha Mistry,0,7
tt1252614,Sankat City,2009,10-Jul-09,Comedy | Crime | Drama,Pankaj Advani,446,Arshad Warsi,86,Nagesh Kukunoor,0,1
tt1255873,Hari Puttar: A Comedy of Terrors,2008,24-Sep-08,Comedy | Drama | Family,Rajesh Bajaj | Sameer (lyrics),447,Raj Babbar,87,Mahesh Manjrekar,0,1
tt1255951,De Dana Dan,2009,27-Nov-09,Comedy,Suresh Krishna (story) | Jay Master (dialogues) | Ashiesh Pandit (lyrics) | Priyadarshan (screenplay) | Sayeed Qadri (lyrics) | Neeraj Shridhar (lyrics),448,Shilpa Shetty,88,Suparn Verma,0,4
tt1259755,Boond,2001,N/A,Action | Crime | Drama,Asad Ajmeri | Jaanam Khan (story),449,Vivek Oberoi,89,Ashwini Chaudhary,0,1
tt1260689,Summer 2007,2008,13-Jun-08,Crime | Drama | Thriller,Gourov Dasgupta (lyrics) | Bijesh Jayarajan (screenplay) | Bijesh Jayarajan (story) | Ujjaiyinee Roy (lyrics) | Ritesh Shah (dialogues) | Vibha Singh (lyrics),450,Anupam Kher,90,Hansal Mehta,0,1
tt1261047,Gulaal,2009,13-Mar-09,Crime | Drama | Mystery,Raj Singh Chaudhary (story) | Anurag Kashyap (screenplay) | Anurag Kashyap (story) | Aparnaa Malhotra (story) | Sanjay Maurya (story),451,Sameera Reddy,91,Karan Razdan,0,2
tt1266140,Mirchi: It's Hot,2004,6-Aug-04,Crime,Dinesh D. Awasthi (screenplay) | Dinesh D. Awasthi (story) | Siddique Durrani (dialogue),452,Sunny Deol,92,Eeshwar Nivas,0,1
tt1266545,Chamku,2008,29-Aug-08,Action | Crime | Drama,N/A,453,Shraddha Kapoor,93,Hasnain Hyderabadwala,0,1
tt1266583,Mumbai Meri Jaan,2008,22-Aug-08,Drama,Yogesh Vinayak Joshi (screenplay) | Upendra Sidhaye (screenplay),454,Akshaye Khanna,94,Subhash Ghai,0,2
tt1267400,Thodi Life Thoda Magic,2008,23-Jun-08,Drama,Shukla Barnali Ray (story),455,Manish Chaudhary,95,Guddu Dhanoa,0,1
tt1267500,Phoonk,2008,22-Aug-08,Drama | Horror | Mystery,Milind Gadagkar | Sandeep Nath (lyrics) | Prashant Pandey (lyrics),456,Sunil Shetty,96,Kabir Sadanand,0,6
tt1274295,Kaminey: The Scoundrels,2009,14-Aug-09,Action | Comedy | Crime,Cajetan Boy (based on an idea by) | Supratik Sen (screenplay) | Abhishek Chaubey (screenplay) | Sabrina Dhawan (screenplay) | Vishal Bhardwaj (screenplay) | Vishal Bhardwaj (dialogue),457,Sohail Khan,97,Kanti Shah,0,4
tt1275863,Love Aaj Kal,2009,31-Jul-09,Comedy | Drama | Romance,Imtiaz Ali,458,Esha Deol,98,Robby Grewal,0,1
tt1278447,Sikandar,2009,21-Aug-09,Crime | Drama | Mystery,Piyush Jha | Kumaar (lyrics),459,Pavan Malhotra,99,Hriday Shetty,0,1
tt1279105,Ramaa: The Saviour,2010,12-Nov-10,Animation | Action | Adventure,Kumaar (lyrics) | Reshu Nath (story),460,Sonali Kulkarni,100,Anant Balani,0,1
tt1280558,A Wednesday,2008,5-Sep-08,Drama | Thriller,Neeraj Pandey (story) | Neeraj Pandey (script),461,Rimi Sen,101,Kabeer Kaushik,0,6
tt1283926,My Friend Ganesha 2,2008,22-Aug-08,Animation | Family,Rajiv S. Ruia (story) | S. Sachinder,462,Sushmita Sen,102,Amol Shetge,1,1
tt1285241,Don 2,2011,23-Dec-11,Action | Crime | Drama,Farhan Akhtar (dialogue) | Farhan Akhtar (story) | Javed Akhtar (characters) | Salim Khan (characters) | Ameet Mehta (screenplay) | Ameet Mehta (story),463,Gracy Singh,103,Pankaj Parashar,1,6
tt1285245,Lahore,2010,19-Mar-10,Action | Drama | Sport,Sanjay Puran Singh Chauhan (dialogue) | Sanjay Puran Singh Chauhan (screenplay) | Sanjay Puransingh Chauhan (story) | Panchhi Jalonvi (lyrics) | Hriday Lani (collaborating writer) | Piyush Mishra (dialogue) | Piyush Mishra (screenplay) | Junaid Wasi (lyrics),464,Kunal Khemu,104,N/A,0,1
tt1287847,Mukhbiir,2008,22-Aug-08,Crime | Drama | Mystery,P.K. Mishra (lyrics) | Iqbal Patni (lyrics) | Mani Shankar,465,Juhi Chawla,105,Rajiv S. Ruia,0,1
tt1288638,Dasvidaniya,2008,7-Nov-08,Comedy | Drama,Kailash Kher (lyrics) | Arshad Sayed,466,Vinay Pathak,106,Ashu Trikha,0,1
tt1288644,Mere Khwabon Mein Jo Aaye,2009,6-Feb-09,Drama | Fantasy | Musical,Madhureeta Anand (story),467,Dharmendra,107,Tanuja Chandra,0,1
tt1291465,Raajneeti,2010,4-Jun-10,Action | Crime | Drama,Prakash Jha | Anjum Rajabali | Sameer (lyrics),468,Mohammed Zeeshan Ayyub,108,Mehul Kumar,0,7
tt1292642,Allah Ke Banday,2010,26-Nov-10,Action | Crime | Drama,Faruk Kabir | Sarim Momin (lyrics),469,Ranvir Shorey,109,Ashok Tyagi,0,1
tt1292703,Oye Lucky! Lucky Oye!,2008,28-Nov-08,Comedy | Crime | Drama,Dibakar Banerjee (screenplay) | Urmi Juvekar (screenplay) | Manu Rishi Chadha (dialogues),470,Genelia D'Souza,110,Chandan Arora,0,2
tt1301698,1920,2008,12-Sep-08,Drama | Horror | Mystery,Vikram Bhatt (screenplay) | Vikram Bhatt (story) | Girish Dhamija (dialogue) | Dheeraj Rattan (screenplay) | Sameer (lyrics),471,Isha Koppikar,111,Rahat Kazmi,0,4
tt1305840,Aloo Chaat,2009,20-Mar-09,Comedy | Drama | Romance,Robby Grewal (screenplay) | Syed Gulrez (lyrics) | Vipin Mishra (lyrics) | Divy Nidhi Sharma (story) | Xulfi (lyrics),472,Soha Ali Khan,112,Raj N. Sippy,0,2
tt1309561,Lamhaa: The Untold Story of Kashmir,2010,16-Jul-10,Action | Drama | Thriller,Ashwath Bhatt (dialogue) | Raaghav Dar (screenplay) | Rahul Dholakia (screenplay) | Sai Kabir (dialogue) | Sayeed Qadri (lyrics) | Amitabh Verma (lyrics),473,Johnny Lever,113,Ajai Sinha,0,1
tt1314274,Hulla,2008,19-Sep-08,Comedy | Drama,Milind Dhaimade (dialogues) | Sanjeev Sharma (lyrics) | Jaideep Varma,474,Ayesha Takia,114,Shyam Ramsay,0,1
tt1314367,Ru-Ba-Ru,2008,12-Sep-08,Drama | Romance | Thriller,Arjun Bali (lyrics) | Anvita Dutt Guptan (additional screenplay & dialogue) | Shuja Haider (lyrics) | Aditya Narayan (lyrics) | Soumik Sen (screenplay) | Akshay Verma (lyrics),475,Tia Bajpai,115,Jag Mundhra,0,1
tt1324025,Rafoo Chakkar: Fun on the Run,2008,26-Sep-08,Comedy | Crime | Drama,Ikram Akhtar (screenplay) | Salim Bijnori (lyrics) | Rahul Seth (lyrics) | Raghuvir Shekhawat (dialogue) | Irfan Siddiqui (lyrics),476,Nasser,116,Kalpana Lajmi,0,1
tt1324059,Wake Up Sid,2009,2-Oct-09,Comedy | Drama | Romance,Ayan Mukherjee (story) | Niranjan Iyengar (dialogue),477,Saurabh Shukla,117,Ajay Chandhok,0,5
tt1324076,Fox,2009,4-Sep-09,Crime | Drama | Mystery,Kamal Pandey (dialogue) | Deepak Tijori (story),478,Konkona Sen Sharma,118,Puneet Sira,0,1
tt1324078,Kal Kissne Dekha,2009,12-Jun-09,Action | Crime | Romance,Sudhanshu Dube (screenplay) | Shyam Goel (screenplay) | Sameer (lyrics) | Vivek Sharma,479,Ameesha Patel,1,Rajkumar Hirani,0,1
tt1327035,Dev D,2009,6-Feb-09,Comedy | Drama | Romance,Saratchandra Chatterjee (novel) | Abhay Deol (concept) | Vikramaditya Motwane | Anurag Kashyap,480,Zayed Khan,2,Farah Khan,0,4
tt1327833,Sorry Bhai!,2008,28-Nov-08,Comedy | Drama | Romance,Ashwini Malik (story) | Amitabh Verma (lyrics),481,Neha Dhupia,3,Karan Johar,0,1
tt1328634,New York,2009,26-Jun-09,Crime | Drama | History,Aditya Chopra (story) | Sandeep Srivastava (screenplay),482,Irrfan Khan,4,Sajid Khan,0,6
tt1334254,Maharathi,2008,5-Dec-08,Crime | Drama | Mystery,Sanjay Chhel (lyrics) | Uttam Gada (story),483,Revathy,5,Rohit Shetty,0,1
tt1334413,Jumbo,2008,25-Dec-08,Animation | Family,N/A,484,Girish Karnad,6,Kabir Khan,0,1
tt1334437,Blue Oranges,2009,18-Sep-09,Mystery,Rajesh Ganguly,485,Fardeen Khan,7,Anil Sharma,0,1
tt1334470,Raavan,2010,18-Jun-10,Action | Adventure | Crime,Mani Ratnam (screenplay) | Vijay Krishna Acharya (dialogue),486,Mahesh Manjrekar,8,Farhan Akhtar,0,2
tt1339313,Jalwa: Fun in Love,2005,16-Sep-05,Comedy | Drama,Rajiv S. Ruia (screenplay) | Dhruv Singh (screenplay),487,Shakti Kapoor,9,Siddharth Anand,0,1
tt1340838,Raaz: The Mystery Continues,2009,23-Jan-09,Drama | Horror | Mystery,Kumaar (lyrics) | Sayeed Qadri (lyrics) | Shagufta Rafique (dialogue & screenplay) | Mohit Suri (story),488,Shiney Ahuja,10,Anees Bazmee,1,5
tt1343362,Do Knot Disturb,2009,2-Oct-09,Comedy | Drama,Yunus Sajawal (screenplay),489,Lillete Dubey,11,Prabhudheva,0,2
tt1345777,Ishqiya,2010,29-Jan-10,Comedy | Drama | Romance,Vishal Bhardwaj (screenplay) | Sabrina Dhawan (screenplay) | Abhishek Chaubey (screenplay) | Vishal Bhardwaj (dialogues),490,Shreyas Talpade,12,Shaad Ali,0,5
tt1351224,Pyaar Impossible!,2010,8-Jan-10,Comedy | Romance,Uday Chopra (story),491,Minissha Lamba,13,Anurag Basu,0,2
tt1363125,Naughty @ 40,2011,29-Apr-11,Comedy | Drama,Salim Raza | Sameer Tandon (lyrics),492,Jimmy Shergill,14,Mohit Suri,0,1
tt1363363,Chatur Singh Two Star,2011,19-Aug-11,Action | Adventure | Comedy,Rumi Jaffery (screenplay) | Sai Kabir (dialogue),493,Manisha Koirala,15,Sanjay Leela Bhansali,0,1
tt1368453,Chargesheet,2011,30-Sep-11,Drama | Thriller,N/A,494,Atul Kulkarni,16,Imtiaz Ali,0,1
tt1369669,Jai Veeru: Friends Forever,2009,11-Mar-09,Action | Crime | Drama,Vekeana Dhillon (screenplay) | Omar Inayat (lyrics) | Janak (screenplay) | Hriday Lani (screenplay) | Raju Saigal (story) | Sameer (lyrics),495,Amrita Arora,17,Mani Ratnam,0,1
tt1370429,99,2009,15-May-09,Comedy | Crime | Drama,Raj Nidimoru (story) | Krishna D.K. (story) | Sita Menon (story) | Chintan Gandhi (Hindi dialogue) | Raja Sen (Hindi dialogue) | Sita Menon (Hindi dialogue) | Shabbir Ahmed (lyrics) | Vaibhav Modi (lyrics),496,Neil Nitin Mukesh,18,David Dhawan,0,4
tt1372266,Kisaan,2009,20-Mar-09,Action | Crime | Drama,S.R. Bharti (lyrics) | Salim Bijnori (lyrics) | Vekeana Dhillon (screenplay) | Panchhi Jalonvi (lyrics) | Kanwar Juneja (lyrics) | Sohail Khan (screenplay) | Anmol Malik (lyrics) | Dilip Shukla (dialogues),497,Rajat Kapoor,19,Aanand Rai,0,1
tt1372304,Wafaa,2008,19-Dec-08,Drama | Mystery | Romance,Shahad Allahabadi (lyrics) | Salim Raza,498,Aftab Shivdasani,20,Ashwani Dhir,0,1
tt1372681,Aa Dekhen Zara,2009,27-Mar-09,Action | Crime | Drama,Sheershak Anand (story) | Shantanu Ray Chhibber (story),499,Ashmit Patel,21,Raj Kumar Gupta,0,1
tt1372694,Gumnaam: The Mystery,2008,5-Dec-08,Crime | Mystery | Romance,Neeraj Pathak | Sameer (lyrics),500,Dimple Kapadia,22,Rakeysh Omprakash Mehra,0,1
tt1373156,Karthik Calling Karthik,2010,26-Feb-10,Drama | Romance | Thriller,Vijay Lalwani (story),501,Urmila Matondkar,23,Sanjay Gadhvi,0,2
tt1375789,Race 2,2013,25-Jan-13,Action | Crime | Drama,Shiraz Ahmed (screenplay) | Kiran Kotrial (dialogue),502,Danny Denzongpa,24,Indra Kumar,1,5
tt1385824,13B: Fear Has a New Address,2009,6-Mar-09,Drama | Horror | Mystery,Abhinav Kashyap (dialogue) | Vikram K. Kumar,503,Ahsaas Channa,25,Kunal Deshmukh,0,2
tt1388424,Three: Love Lies Betrayal,2009,4-Sep-09,Drama | Mystery | Thriller,Vikram Bhatt,504,Prem Chopra,26,Kunal Kohli,0,1
tt1388903,Mirch,2010,22-Oct-10,Comedy | Drama | Fantasy,Javed Akhtar (lyrics) | Vinay Shukla (story),505,Sushant Singh,27,Abhishek Kapoor,0,1
tt1391544,Dhoondte Reh Jaoge,2009,6-Mar-09,Comedy | Drama,Shabbir Ahmed (lyrics) | Rajeev Jhaveri (story) | Jalees Sherwani (lyrics) | Umesh Shukla (dialogues) | Umesh Shukla,506,Rahul Dev,28,N. Chandra,0,2
tt1391894,Siddharth: The Prisoner,2009,27-Feb-09,Crime | Drama | Thriller,Anadi (dialogue) | Pryas Gupta (dialogue) | Pryas Gupta (story) | Hitesh Kewalya (dialogue),507,Kay Kay Menon,29,Priyadarshan,0,1
tt1392744,Chance Pe Dance,2010,15-Jan-10,Comedy | Drama | Romance,Nupur Asthana (screenplay) | Manu Rishi Chadha (additional dialogue) | Ken Ghosh (screenplay) | Kiran Kotrial (dialogues) | Irfan Siddiqui (lyrics),508,Darshan Jariwala,30,Shoojit Sircar,0,2
tt1395025,Agent Vinod,2012,23-Mar-12,Action,Arijit Biswas (story) | Sriram Raghavan (story),509,Antara Mali,31,Ashutosh Gowariker,0,2
tt1395054,Once Upon a Time in Mumbai,2010,30-Jul-10,Crime | Drama | Romance,Rajat Arora,510,Jackie Shroff,32,Ram Gopal Varma,0,6
tt1396208,Action Replayy,2010,5-Nov-10,Comedy | Drama | Romance,Irshad Kamil (lyrics) | Aatish Kapadia (dialogues) | Aatish Kapadia (story) | Suresh Nair (story) | Ritesh Shah (dialogues),511,Vrajesh Hirjee,33,Vishal Bhardwaj,0,2
tt1399602,Straight,2009,20-Mar-09,Comedy | Drama,Anahata (additional screenplay & dialogue) | Uttam Gada (dialogue & screenplay) | Uttam Gada (original story) | Rohena Gera (story) | Anahata Menon (dialogue & screenplay),512,Vicky Ahuja,34,Abbas Alibhai Burmawalla,0,1
tt1404573,Daddy Cool: Join the Fun,2009,28-Aug-09,Comedy | Drama,Farhad Bhiwandiwala (dialogue) | Aditya Dhar (lyrics) | Tushar Hiranandani (story) | Prashant Ingole (lyrics) | Komal Nahta (story) | Sajid (dialogues),513,Sandhya Mridul,35,Mastan Alibhai Burmawalla,0,2
tt1408029,Krantiveer: The Revolution,2010,25-Jun-10,Action | Crime | Drama,Amit Khan (dialogue) | Mehul Kumar (dialogue) | Mehul Kumar (screenplay) | Mehul Kumar (story) | Sameer (lyrics),514,Arbaaz Khan,36,Milan Luthria,0,1
tt1415252,Agyaat: The Unknown,2009,7-Aug-09,Drama | Horror | Mystery,Puneet Gandhi | Nilesh Girkar | Sarim Momin (lyrics) | Prashant Pandey (lyrics) | Sandip Singh (lyrics),515,Prachi Desai,37,Prakash Jha,0,2
tt1420539,Ek Se Bure Do,2009,10-Apr-09,Action | Comedy | Crime,Nisar Akhtar (screenplay) | Panchhi Jalonvi (lyrics) | Bobby Khan (screenplay) | Tariq Khan,516,Ali Zafar,38,Sanjay Gupta,0,1
tt1425618,Apartment: Rent at Your Own Risk,2010,23-Apr-10,Drama | Thriller,Syed Gulrez (screenplay) | Jag Mundhra (screenplay),517,Udita Goswami,39,Zoya Akhtar,0,1
tt1428459,We Are Family,2010,10-Sep-10,Drama | Family,Niranjan Iyengar (dialogue),518,Rana Jung Bahadur,40,Madhur Bhandarkar,0,2
tt1431122,No Problem,2010,10-Dec-10,Action | Comedy | Crime,Ikram Akhtar (screenplay) | Nisar Akhtar (additional dialogue) | Anand Raj Anand (lyrics) | Anees Bazmee | Kumaar (lyrics),519,Abhay Deol,41,Vipul Amrutlal Shah,0,2
tt1431729,Mohandas,2009,1-May-09,Thriller,Uday Prakash (story),520,Neetu Chandra,42,Pooja Bhatt,0,1
tt1433810,Mumbai Diaries,2010,21-Jan-11,Drama,Kiran Rao,521,Sanjay Mishra,43,Anubhav Sinha,0,1
tt1433905,All the Best: Fun Begins,2009,16-Oct-09,Action | Comedy | Drama,Robin Bhatt (screenplay) | Kumaar (lyrics) | Bunty Rathore (dialogues) | Yunus Sajawal (screenplay) | Sajid (dialogue),522,Priyanshu Chatterjee,44,Raj Kanwar,0,4
tt1434447,Rocket Singh: Salesman of the Year,2009,11-Dec-09,Comedy | Drama,Jaideep Sahni,523,Raveena Tandon,45,Anurag Kashyap,0,3
tt1438298,Guzaarish,2010,19-Nov-10,Comedy | Drama | Romance,Sanjay Leela Bhansali (screenplay) | Bhavani Iyer (dialogue) | Bhavani Iyer (screenplay) | Vibhu Puri (dialogue) | Turaz (lyrics),524,Alok Nath,46,Krishna D.K.,0,1
tt1438486,Chal Chala Chal,2009,6-Feb-09,Action | Comedy | Crime,Anand Raj Anand (lyrics) | Sunil Jha (lyrics) | Manisha Korde (dialogue) | Vaibhav Modi (lyrics),525,Mahie Gill,47,Vikram Bhatt,0,1
tt1442570,Fast Forward,2009,25-Sep-09,Action | Drama | Musical,Romeo D'Costa (story) | Rahil Qazi (screenplay) | Pawan Sony (dialogue) | Pawan Sony (screenplay) | Zaigham Ali Syed (story),526,Sharat Saxena,48,Dibakar Banerjee,0,1
tt1442583,Tum Milo Toh Sahi,2010,2-Apr-10,Comedy | Drama,Irshad Kamil (lyrics) | Rajen Makhijani (dialogue) | Rajen Makhijani (screenplay) | Rajen Makhijani (story) | Kabir Sadanand (story) | Sameer Siddiqui (dialogue) | Sameer Siddiqui (screenplay),527,Mithun Chakraborty,49,Shashilal K. Nair,0,1
tt1446055,Don Muthu Swami,2008,23-May-08,Comedy | Drama,Saleem Agha (screenplay) | Rahat Indori (lyrics) | Amitabh Verma (lyrics),528,Bobby Deol,50,Rohan Sippy,0,1
tt1447508,Peepli (Live),2010,13-Aug-10,Comedy | Drama,Bhadwai (lyrics) | Swanand Kirkire (lyrics) | Noon Meem Rashet (lyrics) | Anusha Rizvi (screenplay) | Gangaram Sakhet (lyrics) | Sanjeev Sharma (lyrics),529,Tinnu Anand,51,Sangeeth Sivan,0,6
tt1451797,Rann,2010,29-Jan-10,Drama | Mystery,Rohit G. Banawlikar (story) | Sarim Momin (lyrics) | Prashant Pandey (lyrics) | Sandip Singh (lyrics) | Vayu (lyrics),530,Manjari Phadnis,52,Rajkumar Santoshi,0,1
tt1454461,Ek: The Power of One,2009,27-Mar-09,Action | Drama | Thriller,Shabbir Ahmed (lyrics) | Sameer Arora (additional screenplay & dialogue) | Vivek Buddhakoti (additional screenplay & dialogue) | Mayur Puri (lyrics) | Pankaj Trivedi (story),531,Kunal Kapoor,53,Sagar Ballary,0,1
tt1454567,Team: The Force,2009,5-Jun-09,Action | Comedy | Crime,N/A,532,Ayub Khan,54,Habib Faisal,0,1
tt1455811,Khatta Meetha,2010,23-Jul-10,Comedy | Crime | Drama,Jay Master (dialogues) | Priyadarshan (screenplay) | Priyadarshan (story) | Nitin Raikwar (lyrics) | Shehzad Roy (lyrics),533,Kashmira Shah,55,Satish Kaushik,0,3
tt1455816,Prince,2010,9-Apr-10,Action | Crime | Drama,Shiraz Ahmed (story) | Mayur Puri (dialogue) | Sameer (lyrics),534,Deepak Dobriyal,56,Sujoy Ghosh,0,2
tt1456946,Anubhav: An Actor's Tale,2009,5-Jun-09,Drama | Romance,Anoop Menon (screenplay),535,Rajpal Yadav,57,Deepak S. Shivdasani,0,1
tt1465488,Happy Husbands,2011,25-Mar-11,Comedy | Drama,Jaiveer (screenplay) | Jaiveer (story) | Sarim Momin (lyrics),536,Divya Dutta,58,Milind Ukey,0,1
tt1465493,Hum Tum Aur Ghost,2010,26-Mar-10,Comedy | Drama | Fantasy,Arshad Sayed (screenplay) | Soumik Sen (screenplay) | Arshad Warsi (screenplay) | Arshad Warsi (story),537,Rajat Bedi,59,Dev Anand,0,1
tt1471247,Road to Sangam,2010,29-Jan-10,Drama | Thriller,Amit Rai,538,Rahul Bose,60,Raj Nidimoru,0,1
tt1474271,Love Khichdi,2009,28-Aug-09,Comedy | Drama | Romance,Srinivas Bhashyam (story) | Manu Joseph (story) | Pankaj Kapoor (additional dialogue) | Sandeep Srivastava (dialogue),539,Parvin Dabas,61,Kookie V. Gulati,0,1
tt1479667,Aagey Se Right,2009,4-Sep-09,Comedy | Crime | Drama,Abhijeet Deshpande (additional dialogue) | Hitesh Kewalya (lyrics) | Jabbar Patel | Dheeraj Rattan (additional screenplay) | Manoj Santoshi (additional dialogue),540,Asrani,62,Mani Shankar,0,2
tt1479857,Zor Lagaa Ke... Haiya!,2009,12-Jun-09,Comedy | Drama | Family,N/A,541,Raghuvir Yadav,63,Nikhil Advani,0,1
tt1485072,Teree Sang: A Kidult Love Story,2009,7-Aug-09,Drama | Romance,Sanjay Chauhan (screenplay) | Jainendra Jain (screenplay) | Anuj Kapoor (screenplay) | Satish Kaushik (story),542,Avtar Gill,64,Pradeep Sarkar,0,2
tt1499201,Anjaana Anjaani,2010,1-Oct-10,Comedy | Drama | Musical,Mamta Anand (story) | Siddharth Anand (dialogue) | Siddharth Anand (screenplay) | Vishal Dadlani (lyrics) | Advaita Kala (screenplay) | Kumaar (lyrics) | Kausar Munir (lyrics),543,Aashish Chaudhary,65,Ken Ghosh,0,4
tt1501301,Morning Walk,2009,10-Jul-09,Drama,Rohit G. Banawlikar (screenplay) | Arup Dutta (story) | Sujit Sen,544,Laxmikant Berde,66,Samir Karnik,0,1
tt1503640,Damadamm!,2011,27-Oct-11,Comedy | Drama | Romance,Himesh Reshammiya (story) | Subrat Sinha (screenplay),545,Nandita Das,67,Arshad Khan,0,1
tt1504687,I Am Singh,2011,N/A,Action | Crime | Drama,Gary Castro Churchwell (additional dialogue) | Deepali Issar (story) | Puneet Issar (story) | Puneet Issar | Satyajit Puri (story),546,Mukesh Tiwari,68,Govind Menon,0,1
tt1508259,Dhara,2008,15-Feb-08,Drama | Romance,Ibrahim Ashq (lyrics) | Masud Mirza (screenplay),547,Mahima Chaudhry,69,Rajat Kapoor,0,1
tt1508950,Baabarr,2009,11-Sep-09,Action | Crime | Drama,Ikram Akhtar (dialogue) | Ikram Akhtar | Vivek Misra (dialogue),548,Shahana Goswami,70,Rajat Mukherjee,0,1
tt1509732,Aisha,2010,6-Aug-10,Comedy | Drama | Romance,Jane Austen (novel) | Devika Bhagat (screenplay) | Devika Bhagat (dialogue) | Ritu Bhatia (dialogue) | Manu Rishi Chadha (dialogue),549,Tara Sharma,71,Apoorva Lakhia,0,2
tt1512220,My Friend Pinto,2011,21-Oct-11,Comedy | Crime | Drama,Raaghav Dar (story) | Arun Sukumar (story),550,Smita Jaykar,72,Anant Mahadevan,0,1
tt1512321,Vaada Raha... I Promise,2009,11-Sep-09,Drama,Aseem Arora | Sandeep Chatterjee (lyrics) | Samir Karnik (screenplay) | Babbu Mann (lyrics) | Sandeep Nath (lyrics) | Rahul Seth (lyrics) | A.M. Turaz (lyrics),551,Gulshan Grover,73,Sriram Raghavan,0,1
tt1522329,Tum Mile,2009,13-Nov-09,Drama | Romance,Kumaar (lyrics) | Sayeed Qadri (lyrics) | Ankur Tewari,552,Vidya Malvade,74,Dharmesh Darshan,0,1
tt1532957,Paa,2009,4-Dec-09,Comedy | Drama,R. Balki,553,Yashpal Sharma,75,Aditya Datt,0,5
tt1535467,Patiala House,2011,11-Feb-11,Comedy | Drama | Sport,Nikhil Advani (story) | Earl D'Souza (lyrics) | Anvita Dutt Guptan (dialogues) | Harshdeep Kaur (lyrics),554,Manoj Bajpayee,76,Suneel Darshan,0,2
tt1538210,Aao Wish Karein,2009,13-Nov-09,Comedy | Drama | Fantasy,Glen Barreto (additional screenplay) | Ravinder Manga (dialogue) | Ravinder Manga (story) | Aftab Shivdasani (story),555,Ashutosh Rana,77,Shashant Shah,0,1
tt1558578,Knock Out,2010,15-Oct-10,Action | Crime | Drama,Shiraz Ahmed (dialogue) | Vishal Dadlani (lyrics) | Panchhi Jalonvi (lyrics) | Mani Shankar (story) | Shellee (lyrics),556,Ravi Kishan,78,Sudhir Mishra,0,1
tt1562361,Let's Dance,2009,19-Jun-09,Crime | Drama | Musical,Muazzam Beg (story) | Sibtain Shahidi (screenplay),557,Nafisa Ali,79,Harry Baweja,0,1
tt1562859,Golmaal 3,2010,5-Nov-10,Action | Comedy,Robin Bhatt (script consultant) | Farhad (dialogue) | Bunty Rathore (additional dialogue) | Yunus Sajawal (screenplay) | Sajid (dialogue),558,Arunoday Singh,80,Tigmanshu Dhulia,1,8
tt1562871,Ra.One,2011,26-Oct-11,Action | Adventure | Sci-Fi,David Benullo | Kanika Dhillon (dialogue) | Kanika Dhillon (screenplay) | Niranjan Iyengar (dialogue) | Shah Rukh Khan (screenplay) | Mushtaq Sheikh (screenplay) | Anubhav Sinha (story),559,Omkar Das Manikpuri,81,Kundan Shah,0,6
tt1562872,Zindagi Na Milegi Dobara,2011,15-Jul-11,Adventure | Comedy | Drama,Farhan Akhtar (dialogue) | Zoya Akhtar (story) | Zoya Akhtar | Reema Kagti (story),560,Himanshu Malik,82,Deepak Tijori,0,6
tt1569529,"U, Bomsi n Me",2005,21-Oct-05,Comedy,Jairaj Padmanabhan,561,Mimoh Chakraborty,83,Shashanka Ghosh,0,1
tt1570417,Accident on Hill Road,2010,31-Dec-09,Crime | Drama | Thriller,Varun Grover (dialogues) | Rahul Mehta (dialogues) | Mahesh Nair (screenplay) | Sandeep Nath (lyrics) | Siddhaarth Parmar (screenplay),562,Nushrat Bharucha,84,Rahul Rawail,0,1
tt1572311,Tees Maar Khan,2010,24-Dec-10,Comedy | Crime | Drama,Vishal Dadlani (lyrics) | Anvita Dutt Guptan (lyrics) | Ashmith Kunder (screenplay) | Shirish Kunder (dialogue) | Shirish Kunder (screenplay) | Shirish Kunder (story),563,Sarika,85,Raksha Mistry,0,5
tt1573072,Housefull,2010,30-Apr-10,Comedy,Anvita Dutt Guptan (dialogues) | Sajid Khan (screenplay) | Sajid Nadiadwala (story) | Sameer (lyrics) | Vibha Singh (screenplay) | Milap Zaveri (screenplay),564,Hema Malini,86,Nagesh Kukunoor,0,6
tt1573482,Striker,2010,5-Feb-10,Crime | Drama,Sunita Rajwar (story) | Iqbal Merchant (story) | Chandan Arora (screenplay) | Sunita Rajwar (screenplay) | Sagar Kapoor (dialogues) | Vijay Maurya (dialogues) | Pankaj Saraswat (dialogues) | Nitin Raikwar (lyrics) | Jeetendra Joshi (lyrics) | Prashant Ingole (lyrics),565,Krishna Bhatt,87,Mahesh Manjrekar,0,1
tt1578116,Atithi Tum Kab Jaoge?,2010,5-Mar-10,Comedy | Drama,Robin Bhatt (screenplay) | Ashwani Dhir | Tushar Hiranandani (screenplay) | Amit Mishra (lyrics),566,Dino Morea,88,Suparn Verma,0,4
tt1578261,Break Ke Baad,2010,26-Nov-10,Comedy | Drama | Romance,Danish Aslam (story) | Vishal Dadlani (lyrics) | Prasoon Joshi (lyrics) | Renuka Kunzru (story),567,Tanushree Dutta,89,Ashwini Chaudhary,0,2
tt1587388,Yeh Hai Malegaon Ka Superman,2009,1-Nov-09,Comedy | Family,N/A,568,Zakir Hussain,90,Hansal Mehta,0,1
tt1591615,World Cupp 2011,2009,18-Dec-09,Crime | Drama | Sport,Ravi Kapoor (story),569,Asif Basra,91,Karan Razdan,0,1
tt1594964,Chase,2010,30-Apr-10,Action | Crime | Drama,Abhiram Bhadkamkar (additional screenplay & dialogue) | Tanveer Khan (script),570,Sachin Khedekar,92,Eeshwar Nivas,0,1
tt1594974,Shola: Fire of Love,2004,N/A,Action | Crime | Drama,N/A,571,Celina Jaitly,93,Hasnain Hyderabadwala,0,1
tt1596723,Click,2010,19-Feb-10,Drama | Fantasy | Mystery,Sameer Arora (dialogue) | Vivek Buddhakoti (dialogue) | Harish Nayar (story),572,Raima Sen,94,Subhash Ghai,0,1
tt1600439,Shaapit: The Cursed,2010,19-Mar-10,Action | Drama | Horror,Vikram Bhatt (screenplay) | Vikram Bhatt (story) | Girish Dhamija (dialogues) | Aditya Narayan (lyrics) | Dheeraj Rattan (screenplay) | Sameer (lyrics) | Najam Sheraz (lyrics) | Vrushali Telang (additional screenplay),573,Gul Panag,95,Guddu Dhanoa,0,2
tt1602476,Badmaa$h Company,2010,7-May-10,Comedy | Crime | Drama,Parmeet Sethi (story),574,Rakesh Bedi,96,Kabir Sadanand,NULL,4
tt1603862,Jashnn: The Music Within,2009,17-Jul-09,Drama | Musical | Romance,Shagufta Rafique (screenplay),575,Rati Agnihotri,97,Kanti Shah,0,1
tt1605778,Toh Baat Pakki!,2010,19-Feb-10,Comedy | Drama,Shabbir Ahmed (lyrics) | Mayur Puri (lyrics) | Sayeed Qadri (lyrics) | Pramod Sharma (story) | Vibha Singh (screenplay),576,Ali Fazal,98,Robby Grewal,0,1
tt1605790,Zokkomon,2011,22-Apr-11,Action | Adventure | Drama,Javed Akhtar (lyrics) | Satyajit Bhatkal (story) | Svati Chakravarty Bhatkal (story) | Lancy Fernandes (story) | Divy Nidhi Sharma (dialogues),577,Aarti Chhabria,99,Hriday Shetty,0,1
tt1606162,Aakhari Decision,2010,19-Feb-10,Action | Drama | Thriller,Rohit Karn Batra (story) | Umair Muhajir (dialogue),578,Satish Kaushik,100,Anant Balani,0,1
tt1606267,Lafangey Parindey,2010,20-Aug-10,Crime | Drama | Romance,Swanand Kirkire (lyrics) | Gopi Puthran (story),579,Seema Biswas,101,Kabeer Kaushik,0,3
tt1607568,Lava Kusa: The Warrior Twins,2010,N/A,Animation,Dhavala Satyam (screenplay),580,Sanjay Suri,102,Amol Shetge,0,1
tt1607600,Muskurake Dekh Zara,2010,26-Mar-10,Comedy | Horror | Romance,Anurag Kashyap,581,Arun Bakshi,103,Pankaj Parashar,0,1
tt1607607,Mittal v/s Mittal,2010,19-Mar-10,Drama,N/A,582,Arya Babbar,104,N/A,0,1
tt1608768,City of Gold - Mumbai 1982: Ek Ankahee Kahani,2010,1-Apr-10,Crime | Drama,Vidyadhar Bhave (lyrics) | Abhijeet Deshpande (dialogue) | Mahesh Manjrekar (screenplay) | Jayant Pawar (screenplay) | Jayant Pawar (story) | Guru Thakur (lyrics),583,Namrata Shirodkar,105,Rajiv S. Ruia,0,1
tt1608777,"LSD: Love, Sex Aur Dhokha",2010,19-Mar-10,Comedy | Crime | Drama,Dibakar Banerjee | Kanu Behl,584,Dipannita Sharma,106,Ashu Trikha,0,5
tt1610418,Prem Kaa Game,2010,26-Feb-10,Comedy | Drama,Javed Akhtar (lyrics) | Abbas Hirapurwala (dialogue) | B.A. Madhu (screenplay),585,Manu Rishi Chadha,107,Tanuja Chandra,0,1
tt1610452,Wedding Planners,2010,10-Dec-10,Comedy | Drama | Romance,Maneesh Sharma,586,Sharad S. Kapoor,108,Mehul Kumar,NULL,5
tt1612573,Rokkk,2010,5-Mar-10,Drama | Horror | Mystery,Rajesh Ranshinge (story) | Haroon Rashid (screenplay),587,Farida Jalal,109,Ashok Tyagi,0,1
tt1612574,Sanam Hum Aapke Hain...,2009,N/A,Drama | Romance,Dhananjay (dialogues) | Murari Kishan (lyrics) | Ajay Ojha | Saket (lyrics),588,Mugdha Godse,110,Chandan Arora,0,1
tt1612611,Phoonk 2,2010,16-Apr-10,Drama | Horror | Mystery,Milind Gadagkar,589,Riya Sen,111,Rahat Kazmi,1,2
tt1612761,Idiot Box,2010,19-Mar-10,Comedy | Drama,Ajay Khamosh (dialogues) | Sunanda Mitra | Sameer (lyrics),590,Bhoomika Chawla,112,Raj N. Sippy,0,1
tt1618430,Dum Maaro Dum,2011,22-Apr-11,Action | Crime | Drama,Charudutt Acharya (dialogue) | Purva Naresh (dialogue) | Shridhar Raghavan (dialogue) | Shridhar Raghavan,591,Tulip Joshi,113,Ajai Sinha,0,2
tt1620620,The Japanese Wife,2010,9-Apr-10,Drama | Romance,Kunal Basu (based on the story by) | Aparna Sen,592,Vijay Raaz,114,Shyam Ramsay,0,1
tt1620697,Bhavnao Ko Samjho,2010,15-Jan-10,Action | Comedy | Drama,Pancham Banjara (lyrics) | Sunil Pal,593,Hrishitaa Bhatt,115,Jag Mundhra,0,1
tt1620719,Dabangg,2010,10-Sep-10,Action | Comedy | Crime,Dilip Shukla | Abhinav Kashyap,594,Dinesh Hingoo,116,Kalpana Lajmi,0,8
tt1620907,Na Ghar Ke Na Ghaat Ke,2010,12-Mar-10,Comedy | Drama,Aman Ahmad Jeffery (story) | Alok Upadhyay (screenplay),595,Sadashiv Amrapurkar,117,Ajay Chandhok,0,1
tt1625331,Hello Zindagi,2010,5-Mar-10,Drama | Family,Vivek Gupta (dialogue) | Vivek Gupta (screenplay) | Raja Unnithan (story) | Raja Unnithan,596,Mohnish Bahl,118,Puneet Sira,0,1
tt1627924,Mausam,2011,23-Sep-11,Drama | Romance,Carl Austin (story) | Pankaj Kapur (screenplay),597,Farooq Shaikh,1,Rajkumar Hirani,0,2
tt1629241,Bumm Bumm Bole,2010,14-May-10,Action | Drama | Thriller,Manisha Korde (screenplay) | Sameer (lyrics) | Irfan Siddiqui (lyrics) | Satish Mutatkar (lyrics),598,Vikram Gokhale,2,Farah Khan,0,1
tt1629260,Ek Second... Jo Zindagi Badal De...,2010,11-Jun-10,Drama | Romance | Thriller,Anand Raj Anand (lyrics) | Amit Khan,599,Govind Namdeo,3,Karan Johar,0,1
tt1629376,7 Khoon Maaf,2011,18-Feb-11,Drama | Mystery | Thriller,Ruskin Bond (short story) | Matthew Robbins (screenplay) | Vishal Bhardwaj (screenplay) | Gulzar (lyrics) | Ajinkya Iyer (lyrics),600,Kurush Deboo,4,Sajid Khan,0,2
tt1629391,Tere Bin Laden,2010,16-Jul-10,Comedy | Drama,Mohammad Ahmad (dialogue) | Abhishek Sharma (story),601,Sahil Khan,5,Rohit Shetty,0,3
tt1629424,Trump Card,2010,12-Mar-10,Action | Drama | Mystery,Arshad Khan (screenplay) | Yawer Rehman (screenplay) | Yawer Rehman (script),602,Yash Tonk,6,Kabir Khan,0,1
tt1630282,Sahi Dhandhe Galat Bande,2011,19-Aug-11,Action | Comedy | Drama,Parvin Dabas,603,Ishrat Ali,7,Anil Sharma,0,1
tt1630590,Kya Yahi Sach Hai,2011,30-Dec-11,Crime | Drama | Thriller,Y.P. Singh (story),604,Milind Gunaji,8,Farhan Akhtar,0,1
tt1630613,Soch Lo,2010,27-Sep-10,Action | Crime | Drama,Prashant Ingole (lyrics) | Charu Moohan (lyrics) | Sartaj Singh Pannu,605,Sudesh Berry,9,Siddharth Anand,0,1
tt1633171,Bird Idol,2010,23-Apr-10,Animation,Dev Goel | Jyotin Goel,606,Rajit Kapoor,10,Anees Bazmee,0,1
tt1633212,Kajraare,2010,15-Oct-10,Crime | Drama | Romance,Mahesh Bhatt | Shagufta Rafique (dialogue) | Sameer (lyrics),607,Nassar Abdulla,11,Prabhudheva,0,1
tt1633226,Musaa: The Most Wanted,2010,23-Apr-10,Action | Crime | Thriller,Sunil Akhtar (screenplay) | Ibrahim Ashq (lyrics) | Himanshu Bhatt (story) | Tapan Bhatt (screenplay) | Bhupendra Ghiya (story) | Makbul (lyrics) | Sandeep Shirodkar (lyrics),608,Snehal Dabi,12,Shaad Ali,0,1
tt1633250,Swaha: Life Beyond Superstition,2010,12-Mar-10,Drama | Fantasy | Horror,Praveen Bhardwaj (story) | Manoj Sharma (story),609,Sandali Sinha,13,Anurag Basu,0,1
tt1637691,Khelein Hum Jee Jaan Sey,2010,3-Dec-10,Action | Drama | History,Javed Akhtar (lyrics) | Ashutosh Gowariker (screenplay) | Vijay Maurya (dialogue writer) | Raoul Randolf (screenplay),610,Kader Khan,14,Mohit Suri,0,1
tt1639426,Udaan,2010,16-Jul-10,Drama,Vikramaditya Motwane | Anurag Kashyap | Satyanshu Singh (Rohan's poems and stories) | Devanshu Singh (Rohan's poems and stories),611,Rajeev Khandelwal,15,Sanjay Leela Bhansali,0,2
tt1643242,Trapped in Tradition: Rivaaz,2011,16-Sep-11,Crime | Drama | Thriller,Reeg Deb (lyrics) | Ashok Nanda | Ratan Pasricha (lyrics) | Rakesh Chandra Saroj (dialogue) | Vijay Vijawat (lyrics) | Yashandra (lyrics),612,Anupama Verma,16,Imtiaz Ali,0,1
tt1646217,Mr. Singh/Mrs. Mehta,2010,25-Jun-10,Drama,Pravesh Bhardwaj (screenplay) | Amitabh Verma (lyrics),613,Anang Desai,17,Mani Ratnam,0,1
tt1649760,The Film Emotional Atyachar,2010,3-Sep-10,Comedy | Crime | Drama,Amitabh Bhattacharya (lyrics) | Bhavini Bheda | Kartik Krishnan (dialogues) | Virag Mishra (lyrics),614,Himesh Reshammiya,18,David Dhawan,0,1
tt1663647,Help,2010,13-Aug-10,Drama | Horror | Thriller,Viddesh Malandkar (dialogue) | Viddesh Malandkar (screenplay) | Manthan (lyrics) | Deepak Pawar (dialogue) | Deepak Pawar (screenplay),615,Bharati Achrekar,19,Aanand Rai,0,1
tt1666184,Turning 30!!!,2011,14-Jan-11,Comedy | Drama | Romance,Ram Goutam (lyrics) | Kumaar (lyrics) | Prashant Pandey (lyrics) | Suhas Shetty (lyrics) | Alankrita Shrivastava,616,Ashish Vidyarthi,20,Ashwani Dhir,0,1
tt1667076,F.A.L.T.U,2011,1-Apr-11,Comedy | Drama,Vipul Binjola (additional dialogue) | Tushar Hiranandani (screenplay) | Aakash Kaushik (additional dialogue) | Mayur Puri (additional dialogue) | Mayur Puri (screenplay) | Sameer (lyrics) | Sameer Sharma (additional dialogue) | Rishi Virmani (additional dialogue),617,Purab Kohli,21,Raj Kumar Gupta,0,4
tt1667823,Bhindi Baazaar,2011,17-Jun-11,Crime | Drama | Thriller,Ghalib Asadbhopali (screenplay) | Kapil Gulati (story),618,Ila Arun,22,Rakeysh Omprakash Mehra,0,1
tt1667838,I Hate Luv Storys,2010,2-Jul-10,Comedy | Drama | Romance,Vishal Dadlani (lyrics) | Kumaar (lyrics) | Punit Malhotra (story),619,Ram Kapoor,23,Sanjay Gadhvi,0,6
tt1668078,Daayen Ya Baayen,2010,29-Oct-10,Comedy | Drama | Family,Bela Negi,620,Manoj Joshi,24,Indra Kumar,0,1
tt1673391,Hello Hum Lallann Bol Rahe Hain,2010,15-Jan-10,Comedy | Drama,Dilip Shukla,621,Preeti Jhangiani,25,Kunal Deshmukh,0,1
tt1673411,Kushti,2010,14-May-10,Comedy,Manisha Korde (dialogues) | Rajeev Kumar (screenplay) | Sameer (lyrics),622,Jacky Bhagnani,26,Kunal Kohli,0,1
tt1674068,I Am,2011,20-Apr-11,Documentary | Biography | Family,N/A,623,Anuj Sawhney,27,Abhishek Kapoor,0,1
tt1694542,Tanu Weds Manu,2011,25-Feb-11,Comedy | Drama | Romance,Himanshu Sharma (screenplay),624,Neha Sharma,28,N. Chandra,0,6
tt1696191,Tere Mere Phere,2011,30-Sep-11,Comedy | Drama | Romance,Jagrat Desai (story) | Deepa Sahi (screenplay) | Deepa Sahi (story),625,Neena Gupta,29,Priyadarshan,0,1
tt1703958,Ek Main Aur Ekk Tu,2012,10-Feb-12,Comedy | Drama | Romance,Shakun Batra | Ayesha DeVitre,626,Gajendra Chouhan,30,Shoojit Sircar,0,4
tt1706317,Tezz,2012,26-Apr-12,Action | Drama,Robin Bhatt | Aditya Dhar (dialogue writer),627,Perizaad Zorabian,31,Ashutosh Gowariker,0,1
tt1708453,Aakrosh,2010,15-Oct-10,Action | Crime | Drama,Robin Bhatt (story) | Aditya Dhar (dialogues) | Irshad Kamil (lyrics) | Akash Khurana (story),628,Aryan Vaid,32,Ram Gopal Varma,0,1
tt1708532,Ready,2011,3-Jun-11,Comedy | Romance,Ikram Akhtar (screenplay) | Nisar Akhtar (additional dialogue) | Farhad Bhiwandiwala (dialogue) | Gopimohan (story) | Rajeev Kaul (screenplay) | Sajid (dialogue),629,Prateik,33,Vishal Bhardwaj,0,8
tt1714832,Do Dooni Chaar,2010,8-Oct-10,Comedy | Drama,Habib Faisal (screenplay) | Rahil Qazi (screenplay),630,Sayaji Shinde,34,Abbas Alibhai Burmawalla,0,2
tt1720254,Thank You,2011,8-Apr-11,Comedy | Drama | Romance,Ikram Akhtar (screen play) | Nisar Akhtar | Anees Bazmee | Amitabh Bhattacharya (lyrics) | Kumaar (lyrics) | Ashiesh Pandit (lyrics),631,Anita Hassandani,35,Mastan Alibhai Burmawalla,0,2
tt1727496,Dil Toh Baccha Hai Ji,2011,27-Jan-11,Comedy | Drama | Romance,Madhur Bhandarkar (story) | Sanjay Chhel (dialogue) | Kumaar (lyrics) | Neelesh Misra (lyrics) | Anil Pandey (story) | Sayeed Qadri (lyrics) | Neeraj Udhwani (screenplay) | Neeraj Udhwani (story),632,Pooja Batra,36,Milan Luthria,0,2
tt1728986,Bol Bachchan,2012,6-Jul-12,Comedy,Farhad (dialogue) | Yunus Sajawal (screenplay) | Sajid (dialogue),633,Vatsal Seth,37,Prakash Jha,0,6
tt1729637,Bodyguard,2011,31-Aug-11,Romance,J.P. Chowksey (screenplay) | Kiran Kotrial (screenplay) | Siddique,634,Suman Ranganathan,38,Sanjay Gupta,0,8
tt1734110,No One Killed Jessica,2011,7-Jan-11,Crime | Drama | Thriller,Amitabh Bhattacharya (lyrics) | Raj Kumar Gupta (story),635,Javed Jaffrey,39,Zoya Akhtar,0,5
tt1738293,Khichdi: The Movie,2010,1-Oct-10,Comedy | Drama | Family,Aatish Kapadia (screenplay),636,Mukesh Bhatt,40,Madhur Bhandarkar,0,4
tt1740017,Payback,2010,26-Nov-10,Action | Crime | Drama,Upendra Sidhaye | Dev Sikandar (lyrics),637,Arjan Bajwa,41,Vipul Amrutlal Shah,0,1
tt1740092,Chitkabrey,2011,26-Aug-11,Drama | Mystery | Thriller,Suneet Arora (screenplay) | Vishal Vijay Kumar (screenplay) | Sanjay Masoom (dialogue) | Sanjay Masoom (screenplay),638,Kabir Bedi,42,Pooja Bhatt,0,1
tt1740662,Benny and Babloo,2010,1-Oct-10,Comedy | Drama,Shabbir Ahmed (lyrics) | Panchhi Jalonvi (lyrics) | Yunus Sajawal | Farhad Sajid (dialogue),639,Mukul Dev,43,Anubhav Sinha,0,1
tt1740670,Dus Tola,2010,22-Oct-10,Comedy | Drama,Raghunath Paleri (story) | Sunil Saigal (dialogues),640,Shawar Ali,44,Raj Kanwar,0,1
tt1740710,Mere Brother Ki Dulhan,2011,9-Sep-11,Comedy | Drama | Romance,Ali Abbas Zafar,641,Ayesha Jhulka,45,Anurag Kashyap,0,6
tt1742307,Dunno Y Na Jaane Kyun...,2010,12-Nov-10,Drama | Romance,Kapil Sharma,642,Rajesh Khanna,46,Krishna D.K.,0,1
tt1744641,Ramayana: The Epic,2010,15-Oct-10,Animation,Chetan Desai (screenplay) | Riturraj Tripathii (dialogue) | Riturraj Tripathii (screenplay) | Riturraj Tripathii (story) | Riturraj Tripathii,643,Birbal,47,Vikram Bhatt,0,1
tt1745753,Life Express,2010,17-Sep-10,Drama,Shakeel Azmi (lyrics) | Mandira Chakraborty (screenplay) | Anup Das (story) | Shailendra Tyagi (screenplay),644,Sayali Bhagat,48,Dibakar Banerjee,0,1
tt1753640,Crook: It's Good to Be Bad,2010,8-Oct-10,Action | Drama | Thriller,Kumaar (lyrics) | Mohit Suri (story) | Ankur Tewari (screenplay),645,Kiran Kumar,49,Shashilal K. Nair,0,2
tt1754920,Yeh Saali Zindagi,2011,4-Feb-11,Crime | Drama | Thriller,Manu Rishi Chadha (dialogues) | Swanand Kirkire (lyrics) | Sudhir Mishra (dialogues) | Sudhir Mishra (story),646,Chunky Pandey,50,Rohan Sippy,0,3
tt1772762,Bachao - Inside Bhoot Hai...,2010,8-Oct-10,Horror,N/A,647,Mandira Bedi,51,Sangeeth Sivan,0,1
tt1772872,Game,2011,1-Apr-11,Action | Crime | Drama,Farhan Akhtar (dialogue) | Javed Akhtar (lyrics),648,Makrand Deshpande,52,Rajkumar Santoshi,0,1
tt1773015,Phas Gaye Re Obama,2010,3-Dec-10,Comedy | Crime,Subhash Kapoor | Shellee (lyrics) | Gopal Tiwari (lyrics),649,Aditya Srivastava,53,Sagar Ballary,0,2
tt1773042,Shahrukh Bola 'Khoobsurat Hai Tu'... And She Believed in It,2010,19-Nov-10,Comedy | Drama,Makrand Deshpande (story) | Vasuda Sharma (lyrics),650,Nauheed Cyrusi,54,Habib Faisal,0,1
tt1773109,Yamla Pagla Deewana,2011,14-Jan-11,Action | Comedy | Drama,Jasvinder Bath (story) | Jasvinder Bath,651,Abhay Bhargav,55,Satish Kaushik,0,6
tt1774473,Love You to Death,2012,3-Feb-12,Comedy,Abhro Banerjee (story) | Rafeeq Ellias | Yuki Ellias,652,Prashant Narayanan,56,Sujoy Ghosh,0,1
tt1781838,Isi Life Mein...!,2010,24-Dec-10,Comedy | Drama | Romance,Sulekha Bajpai (screenplay) | Vidhi Kasliwal (story),653,Puru Rajkumar,57,Deepak S. Shivdasani,0,1
tt1784589,Players,2012,6-Jan-12,Action | Crime | Thriller,Nikhat Bhatty (story) | Bhaskar Hazarika (story) | Rohit Jugraj (screenplay) | Sourabh Ratnu (story) | Sudip Sharma (screenplay),654,Rohini Hattangadi,58,Milind Ukey,0,1
tt1785333,Chittagong,2012,12-Oct-12,Action | Drama | War,Bedabrata Pain | Shonali Bose,655,Mukesh Ahuja,59,Dev Anand,0,1
tt1787988,Talaash,2012,30-Nov-12,Crime | Drama | Mystery,Farhan Akhtar (dialogue) | Anurag Kashyap (additional dialogue) | Zoya Akhtar (story) | Reema Kagti (story) | Zoya Akhtar (screenplay) | Reema Kagti (screenplay),656,Nagesh Bhonsle,60,Raj Nidimoru,0,5
tt1796564,My Friend Ganesha 3,2010,26-Mar-10,Animation | Comedy | Drama,Shabbir Ahmed (lyrics) | Rajiv S. Ruia (story) | S. Sachindra,657,Shweta Bhardwaj,61,Kookie V. Gulati,1,1
tt1797548,Yeh Faasley,2011,4-Mar-11,Crime | Drama | Mystery,Arpita Chatterjee (story) | Sameer Kohli (story) | Rajen Makhijani (screenplay) | Rajen Makhijani (story) | Yogesh Mittal (dialogue) | Yogesh Mittal (screenplay) | Yogesh Mittal (story) | Atul Tiwari (dialogue) | Atul Tiwari (screenplay) | Atul Tiwari (story),658,Vikas Anand,62,Mani Shankar,0,1
tt1801521,Khap,2011,29-Jul-11,Drama | Thriller,Ashok Lal (script) | Vinod Ranganathan (script) | Ajai Sinha (story) | Ishaan Trivedi (additional dialogue) | Vijay Verma (dialogue),659,Akhilendra Mishra,63,Nikhil Advani,0,1
tt1806740,9 Eleven,2011,N/A,Thriller,Manan Katohora,660,Rituparna Sengupta,64,Pradeep Sarkar,0,1
tt1807978,Bhoot and Friends,2010,31-Dec-10,Animation | Action | Adventure,Reshma A. Dev | Sachindra Sharma (dialogues),661,Hazel Croney,65,Ken Ghosh,0,1
tt1808221,Kaalo,2010,17-Dec-10,Action | Drama | Horror,Wilson Louis (screenplay) | Wilson Louis (story) | Mamta Patnaik (story),662,Harman Baweja,66,Samir Karnik,0,1
tt1809399,Utt Pataang,2011,1-Feb-11,Comedy | Drama,Arun Kumar (lyrics) | Rohit Sharma (lyrics) | Saurabh Shukla (dialogues) | Saurabh Shukla (screenplay) | Srikanth Velagaleti (screenplay) | Srikanth Velagaleti (story),663,Sudha Chandran,67,Arshad Khan,0,1
tt1814619,Aashiqui.in,2011,11-Feb-11,Drama | Romance,Shankhadeep,664,Shabana Azmi,68,Govind Menon,0,1
tt1814683,Diary of a Butterfly,2012,2-Mar-12,Drama,N/A,665,Benjamin Gilani,69,Rajat Kapoor,0,1
tt1821480,Kahaani,2012,9-Mar-12,Drama | Mystery | Thriller,Sujoy Ghosh (screenplay) | Sujoy Ghosh (story) | Advaita Kala (story) | Suresh Nair (additional screenplay) | Ritesh Shah (dialogue) | Nikhil Vyas (additional screenplay),666,Dev Anand,70,Rajat Mukherjee,0,6
tt1821692,United Six,2011,4-Feb-11,Action | Drama | Thriller,Kapil Mishra | Vishal Aryan Singh,667,Tanvi Azmi,71,Apoorva Lakhia,0,1
tt1825655,Angel,2011,4-Feb-11,Action | Drama,Muazzam Beg,668,Adi Irani,72,Anant Mahadevan,0,1
tt1825801,Hostel,2011,21-Jan-11,Action | Crime | Drama,Manish Gupta | Virag Mishra (lyrics),669,Achint Kaur,73,Sriram Raghavan,0,1
tt1828289,Shagird,2011,13-May-11,Action | Crime | Drama,Tigmanshu Dhulia (story) | Tigmanshu Dhulia | Kamal Pandey (story),670,Yuvika Chaudhry,74,Dharmesh Darshan,0,1
tt1830786,Rascals,2011,6-Oct-11,Action | Comedy | Crime,Sanjay Chhel (screenplay) | Yunus Sajawal (dialogue),671,Pankaj Berry,75,Aditya Datt,0,2
tt1833673,Dhoom: 3,2013,20-Dec-13,Action | Crime | Thriller,Vijay Krishna Acharya (story) | Aditya Chopra (story) | Vijay Krishna Acharya (screenplay),672,Varun Dhawan,76,Suneel Darshan,1,9
tt1836015,Kaccha Limboo,2011,18-Feb-11,Comedy | Family,Sagar Ballary | Jyoti Kapoor (dialogue) | Manaswini Lata Ravindra,673,Nargis Fakhri,77,Shashant Shah,0,1
tt1836912,Shaitan,2011,10-Jun-11,Action | Crime | Drama,Abhijeet Deshpande (dialogue) | K.S. Krishnan (lyrics) | Bejoy Nambiar | Megha Ramaswamy | Colin Terrence (lyrics),373,Aamir Khan,78,Sudhir Mishra,0,2
tt1839596,RockStar,2011,11-Nov-11,Music | Musical,Imtiaz Ali | Muazzam Beg,374,Shah Rukh Khan,79,Harry Baweja,0,5
tt1841542,Chillar Party,2011,8-Jul-11,Comedy | Drama | Family,Vikas Bahl (screenplay) | Vijay Maurya | Nitesh Tiwari,375,Salman Khan,80,Tigmanshu Dhulia,0,2
tt1847736,U R My Jaan,2011,23-Sep-11,Romance,Aron Govil,376,Katrina Kaif,81,Kundan Shah,0,1
tt1848771,Aarakshan,2011,12-Aug-11,Drama | Thriller,Prakash Jha | Anjum Rajabali,377,Deepika Padukone,82,Deepak Tijori,0,2
tt1849718,Agneepath,2012,26-Jan-12,Action | Crime | Drama,Ila Bedi Dutta (screenplay) | Karan Malhotra (screenplay) | Piyush Mishra (dialogue),378,Hrithik Roshan,83,Shashanka Ghosh,0,7
tt1852076,Qasam Se Qasam Se,2012,15-Jun-12,Romance,Dr. Moauzzam Azam | Ravi | Nazim Hassan Rizvi,379,Priyanka Chopra,84,Rahul Rawail,0,1
tt1867070,Teen Thay Bhai,2011,15-Apr-11,Comedy | Drama,Gautam Mehra | Mehul Suri,380,Kareena Kapoor,85,Raksha Mistry,0,1
tt1869296,Bbuddah Hoga Terra Baap,2011,1-Jul-11,Action | Crime | Drama,Inaamulhaq (dialogue) | Puri Jagannadh | Ajay Kumar (dialogue),381,Ranbir Kapoor,86,Nagesh Kukunoor,0,2
tt1877691,Love Breakups Zindagi,2011,7-Oct-11,Comedy | Drama | Romance,Sanyukta Shaikh Chawla (additional screenplay & dialogue) | Sanyukta Shaikh Chawla (screenplay) | Sahil Sangha,382,Kajol,87,Mahesh Manjrekar,0,1
tt1883121,404: Error Not Found,2011,20-May-11,Drama | Mystery | Thriller,Prawaal Raman (screenplay) | Prawaal Raman (story) | Imaaduddin Shah (lyrics) | Rachel Varghese (lyrics),383,John Abraham,88,Suparn Verma,0,1
tt1884268,Chalo Dilli,2011,29-Apr-11,Comedy | Drama,Shabbir Ahmed (lyrics) | Anand Raj Anand (lyrics) | Krishika Lulla (lyrics) | Manthan (lyrics) | Nisha Mascarenhas (lyrics) | Arshad Sayed,384,Amitabh Bachchan,89,Ashwini Chaudhary,0,3
tt1886663,Satrangee Parachute,2011,25-Feb-11,Comedy | Drama | Family,Pulakesh Bhowmik (story) | Anupam Mishra (dialogues),385,Sonakshi Sinha,90,Hansal Mehta,0,1
tt1887763,Haunted - 3D,2011,6-May-11,Horror | Mystery | Thriller,Shakeel Azmi (lyrics) | Amin Hajee (screenplay) | Amin Hajee (story) | Amin Hajee,386,Alia Bhatt,91,Karan Razdan,0,6
tt1887817,Monica,2011,25-Mar-11,Drama | Thriller,Sushen Bhatnagar,387,Ajay Devgn,92,Eeshwar Nivas,0,1
tt1890513,Ragini MMS,2011,13-May-11,Drama | Horror | Mystery,Vaspar Dandiwala (story) | Pawan Kripalani (story) | Virag Mishra (lyrics) | Agnel Roman (lyrics) | Mayank Tewaari (dialogue) | Mayank Tewaari (screenplay),388,Asin,93,Hasnain Hyderabadwala,0,5
tt1891884,Once Upon a Time in Mumbai Dobaara!,2013,15-Aug-13,Action | Crime | Drama,Rajat Arora,389,Farhan Akhtar,94,Subhash Ghai,1,1
tt1893409,Ye Stupid Pyar,2011,9-Dec-11,Romance,Rakesh Jain,390,Arjun Kapoor,95,Guddu Dhanoa,0,1
tt1896781,Masti Express,2011,18-Feb-11,Comedy | Drama,Vikram Pradhan (screenplay) | Vikram Pradhan (story) | Bunty Rathore (dialogue) | Manoj Yadav (lyrics),391,Akshay Kumar,96,Kabir Sadanand,0,1
tt1899342,Vikalp,2011,7-Jan-11,Crime | Drama | Mystery,Vishal Vijay Kumar | Kukku Prabhas (lyrics),392,Anushka Sharma,97,Kanti Shah,0,1
tt1900937,Mumbai Mast Kallander,2011,14-Jan-11,Action | Comedy | Crime,Panchhi Jalonvi (lyrics) | Sanyukta Ray (screenplay) | Sanyukta Ray (story) | Raj Shekhar (screenplay),393,Vidya Balan,98,Robby Grewal,0,1
tt1905076,Tum Hi To Ho...,2011,4-Feb-11,Drama | Mystery | Thriller,Rajan Aggarwal (screenplay) | Rajan Aggarwal (story) | Rajiv Agrawal (dialogue) | Ravi Chopra (lyrics) | Vivek Shaq (dialogue),394,Aishwarya Rai Bachchan,99,Hriday Shetty,0,1
tt1907721,Men Will Be Men,2011,29-Apr-11,Comedy,Harsh Khurana,395,Ranveer Singh,100,Anant Balani,0,1
tt1908463,Bengaloored,2010,2-Jul-10,Drama | Romance,Imran Chaudhary (lyrics) | Vasu Dixit (lyrics) | Swaroop Kanchi,396,Vir Das,101,Kabeer Kaushik,0,1
tt1912483,The Camp,2010,11-Jun-10,Adventure | Drama,Shabbir Ahmed (lyrics) | Rohit Gahlowt (screenplay) | Nitin Mahadar (story) | Sudhakar Sharma (lyrics),397,Shahid Kapoor,102,Amol Shetge,0,1
tt1916728,Shor in the City,2011,28-Apr-11,Crime | Drama,Krishna D.K. (story) | Raj Nidimoru (story) | Sita Menon (story) | Sita Menon (dialogue) | Chintan Gandhi (dialogue) | Sameer (lyrics) | Nishu (lyrics),398,Saif Ali Khan,103,Pankaj Parashar,0,2
tt1918641,5ters: Castle of Dark Master,2011,15-Jul-11,Action | Adventure | Fantasy,G. Venugopal | N.S. Vijayalakshmi (story),399,Anil Kapoor,104,N/A,0,1
tt1918650,A Strange Love Story,2011,20-May-11,Drama,Bobby Khan,400,Prakash Raj,105,Rajiv S. Ruia,0,1
tt1918886,Joker,2012,31-Aug-12,Comedy | Sci-Fi,Shirish Kunder (dialogue) | Shirish Kunder (screenplay) | Shirish Kunder (story),401,Sonam Kapoor,106,Ashu Trikha,0,1
tt1918927,Luv Ka the End,2011,6-May-11,Comedy | Drama,Amitabh Bhattacharya (lyrics) | Ashish Patil (story) | Ashish Patil | Roye Segal (screenplay) | Shenaz Treasury (screenplay) | Nihkil Vyas (dialogue) | Nikhil Vyas (dialogues),402,Sanjay Kapoor,107,Tanuja Chandra,0,2
tt1918965,Murder 2,2011,8-Jul-11,Action | Crime | Drama,Mahesh Bhatt | Shagufta Rafique,403,Jacqueline Fernandez,108,Mehul Kumar,1,7
tt1920986,Khuda Kasam,2010,26-Nov-10,Action | Crime | Drama,K.C. Bokadia (dialogue) | K.C. Bokadia,404,Abhishek Bachchan,109,Ashok Tyagi,0,1
tt1921071,Queens! Destiny of Dance,2011,29-Apr-11,Musical,N/A,405,Imran Khan,110,Chandan Arora,0,1
tt1926313,Pyaar Ka Punchnama,2011,20-May-11,Comedy | Drama | Romance,Luv Ranjan | Sumit Saxena (additional dialogue) | Sumit Saxena (additional screenplay writer) | Vaibhav Suman (additional dialogue) | Vaibhav Suman (additional screenplay writer),406,Rekha,111,Rahat Kazmi,0,4
tt1929309,Mallika,2010,3-Sep-10,Drama | Horror | Mystery,Alok Mishra (additional screenplay & dialogue) | A. Sammeer | B. Viveck,407,Tabu,112,Raj N. Sippy,0,1
tt1934231,Delhi Belly,2011,1-Jul-11,Comedy | Crime | Drama,Akshat Verma,408,Madhavan,113,Ajai Sinha,0,6
tt1935184,Nakshatra,2010,29-Oct-10,Crime | Drama | Mystery,Harry Anand (lyrics) | Nawab Arzoo (lyrics) | Rani Malik (lyrics) | Mohan Savalkar,409,Sanjay Dutt,114,Shyam Ramsay,0,1
tt1937092,Always Kabhi Kabhi,2011,17-Jun-11,Comedy | Crime | Drama,Roshan Abbas (story) | Kanika Dhillon (additional screenplay) | Ishita Moitra (screenplay) | Ranjit Raina (story),410,Parineeti Chopra,115,Jag Mundhra,0,1
tt1937455,Vroom,2010,14-May-10,Action | Comedy | Crime,Sheetal Ladha (screenplay) | Sameer Rao (concept and story) | Deepak Segal (concept and story) | Savin Tuscano (screenplay) | Amitabh Verma (lyrics),411,Madhuri Dixit,116,Kalpana Lajmi,0,1
tt1939654,Bheja Fry 2,2011,17-Jun-11,Comedy | Drama,Sagar Ballary (screenplay) | Sharat Katariya (dialogue) | Sharat Katariya (screenplay),412,Preity Zinta,117,Ajay Chandhok,1,3
tt1941657,Soundtrack,2011,7-Oct-11,Drama | Musical,Chintan Gandhi | Neerav Ghosh | Rajiv Gopalkrishnan | Aarthi Rayapura (script development),413,Govinda,118,Puneet Sira,0,1
tt1942905,Kucch Luv Jaisaa,2011,27-May-11,Crime | Drama | Thriller,Shukla Barnali Ray,414,Emraan Hashmi,1,Rajkumar Hirani,0,1
tt1947973,Bin Bulaye Baraati,2011,17-Jun-11,Action | Comedy | Crime,Praful Parekh (screenplay) | Praful Parekh (story) | Salim Sheikh (screenplay) | Salim Sheikh (story) | Dilip Shukla (dialogue),415,Bipasha Basu,2,Farah Khan,0,1
tt1948047,Impatient Vivek,2011,7-Jan-11,Comedy | Drama | Romance,Rahat Kazmi (screenplay) | B.K. Tyagi (story),416,Uday Chopra,3,Karan Johar,0,1
tt1948150,Singham,2011,22-Jul-11,Action | Crime | Drama,Farhad | Farhad | Hari (original story) | Yunus Sajawal (screenplay) | Sajid (dialogue),417,Aditya Roy Kapoor,4,Sajid Khan,0,7
tt1948640,The Waiting Room,2010,16-Jan-10,Crime | Drama | Mystery,Maneej Premnath (story),418,Ritesh Deshmukh,5,Rohit Shetty,0,1
tt1949548,Heroine,2012,21-Sep-12,Drama,Madhur Bhandarkar | Niranjan Iyengar | Anuradha Tiwari,419,Rishi Kapoor,6,Kabir Khan,0,3
tt1954206,The Dirty Picture,2011,2-Dec-11,Biography | Comedy | Drama,Rajat Arora,420,Kangana Ranaut,7,Anil Sharma,0,7
tt1954470,Gangs of Wasseypur,2012,2-Aug-12,Action | Crime | Drama,Akhilesh Jaiswal | Anurag Kashyap | Sachin K. Ladia | Zeishan Quadri,421,Dia Mirza,8,Farhan Akhtar,0,3
tt1954598,Ladies vs. Ricky Bahl,2011,9-Dec-11,Comedy | Drama,,422,Amrish Puri,9,Siddharth Anand,NULL,4
tt1956433,Ata Pata Lapatta,2012,2-Nov-12,Comedy | Musical,Sanjay Kumar (screenplay) | Sandeep Nath (additional dialogue) | M. Saleem (original story) | Sanjay Shubhankar (screenplay) | Pradeep Singrole (screenplay) | Gopal Tiwari (additional dialogue) | Rajpal Yadav (screenplay),423,Amrita Rao,10,Anees Bazmee,0,1
tt1961330,Good Luck!,2008,8-Aug-08,Comedy | Drama,Rajan Aggarwal (screenplay) | Raman Bharadwaj (dialogues) | Aditya Datt (screenplay) | Sameer (lyrics),424,Lara Dutta,11,Prabhudheva,0,1
tt1961530,Tell Me O Kkhuda,2011,27-Oct-11,Action | Crime | Drama,Hema Malini | Mayur Puri (story) | Ulka Puri (story) | Anand Sharma (story),425,Om Puri,12,Shaad Ali,0,1
tt1964886,Love Express,2011,10-Jun-11,Comedy | Drama,Kumaar (lyrics),426,Kiron Kher,13,Anurag Basu,0,1
tt1970029,Suno Na.. Ek Nanhi Aawaz,2009,15-May-09,Drama,Sanjay Chandwara (dialogue) | Rahul Patel (dialogue) | Yogesh Saxena (lyrics) | Amy Thanawala (dialogue) | Amy Thanawala (screenplay) | Amy Thanawala (story),427,Mallika Sherawat,14,Mohit Suri,0,1
tt1979209,Chala Mussaddi - Office Office,2011,5-Aug-11,Comedy | Drama,Ashwani Dhir,428,Sonu Sood,15,Sanjay Leela Bhansali,0,1
tt1980970,Gandhi to Hitler,2011,29-Jul-11,Drama | History | War,Rakesh Ranjan Kumar (screenplay) | Nalin Singh (story),429,Nana Patekar,16,Imtiaz Ali,0,1
tt1980986,Housefull 2,2012,5-Apr-12,Comedy | Romance,Farhad (dialogue) | Farhad (screenplay) | Tushar Hiranandani (screenplay) | Sajid Khan (screenplay) | Sajid Nadiadwala (story) | Sajid (dialogue) | Sajid (screenplay),430,Vinod Khanna,17,Mani Ratnam,1,7
tt1985058,Dekh Bhai Dekh: Laughter Behind Darkness,2009,17-Jul-09,Comedy | Crime | Drama,Rahat Kazmi | Mushahid Husain Pasha (dialogue) | Mushahid Husain Pasha (screenplay),431,Kalki Koechlin,18,David Dhawan,0,1
tt1985981,Desi Boyz,2011,25-Nov-11,Comedy | Drama,Rohit Dhawan (screenplay) | Rohit Dhawan (story) | Renuka Kunzru (dialogue) | Milap Zaveri (additional screenplay),432,Rani Mukerji,19,Aanand Rai,0,2
tt1986040,Ishkq in Paris,2013,24-May-13,Comedy | Romance,Prem Soni | Preity Zinta,433,Rajkummar Rao,20,Ashwani Dhir,0,1
tt1986788,Chal Chalein,2009,7-Aug-09,Drama,Vijaya Ramchandrula (story),434,Tusshar Kapoor,21,Raj Kumar Gupta,0,1
tt1992138,Force,2011,30-Sep-11,Action | Crime | Drama,Gautham Menon (original story by) | Ritesh Shah,435,Arjun Rampal,22,Rakeysh Omprakash Mehra,0,2
tt1992257,Toss: A Flip of Destiny,2009,28-Aug-09,Crime | Drama | Thriller,Ramesh Khatkar,436,Paresh Rawal,23,Sanjay Gadhvi,0,1
tt1995245,Aamras: The Sweet Taste of Friendship,2009,11-Sep-09,Drama,Rupali Guha (screenplay) | Rupali Guha (story) | Loveleen Mishra (dialogue),437,Supriya Pathak,24,Indra Kumar,0,1
tt1995257,Bachelor Party,2009,4-Sep-09,Comedy | Drama,Arun Bhairav (script) | Raghuvir Shekhawat (script),438,Nawazuddin Siddiqui,25,Kunal Deshmukh,0,1
tt1999857,Cycle Kick,2011,17-Jun-11,Drama | Sport,Shashi Sudigala,439,Naseeruddin Shah,26,Kunal Kohli,0,1
tt1999935,Not a Love Story,2011,19-Aug-11,Crime | Drama | Thriller,Rohit G. Banawlikar (screenplay),440,Randeep Hooda,27,Abhishek Kapoor,0,2
tt2011871,Ashok Chakra: Tribute to Real Heroes,2010,28-Mar-10,Action,Mushahid Husain Pasha (dialogue) | Mohnish Sharan (story),441,Jaya Bhaduri,28,N. Chandra,0,1
tt2012576,Bubble Gum,2011,29-Jul-11,Drama,Rohit Gahlowt (dialogue writer),442,Karisma Kapoor,29,Priyadarshan,0,1
tt2016845,Aagaah: The Warning,2011,5-Aug-11,Drama | Horror | Thriller,Karan Razdan (story),443,Sharman Joshi,30,Shoojit Sircar,0,1
tt2016894,Ek Tha Tiger,2012,15-Aug-12,Action | Romance | Thriller,Kabir Khan (dialogue) | Kabir Khan (screenplay) | Neelesh Misra (dialogue) | Neelesh Misra (screenplay),444,Boman Irani,31,Ashutosh Gowariker,0,8
tt2023645,Phhir,2011,12-Aug-11,Drama | Mystery | Romance,Vikram Bhatt | Girish Dhamija | Dheeraj Rattan (screenplay),445,Satish Shah,32,Ram Gopal Varma,0,1
tt2027138,Kyaa Super Kool Hain Hum,2012,27-Jul-12,Comedy,Sukhmani Sadana (dialogue revisor) | Sachin Yardi,446,Arshad Warsi,33,Vishal Bhardwaj,1,5
tt2028553,Stand By,2011,26-Aug-11,Drama | Sport | Thriller,Varun Gautam | Sanjay Soorkar | Pravin Vithal Tarde,447,Raj Babbar,34,Abbas Alibhai Burmawalla,0,1
tt2032530,Shabri,2011,26-Aug-11,Action | Crime | Drama,Lalit Marathe (story),448,Shilpa Shetty,35,Mastan Alibhai Burmawalla,0,1
tt2033264,Hair is Falling: A Serious Comedy Film,2011,5-Aug-11,Comedy | Drama,Vicky Bhardwaj (screenplay) | Sajal Kumar (dialogue & written by) | Harvinder Mankkar (story) | Girish Paliwal (concept) | Vikas Taliyan,449,Vivek Oberoi,36,Milan Luthria,0,1
tt2033947,Aazaan,2011,14-Oct-11,Action | Drama | Mystery,Prashant Chadha (story) | Heeraz Marfatia (story) | Shubhra Swarup (story),450,Anupam Kher,37,Prakash Jha,0,1
tt2034011,Hum Tum Shabana,2011,30-Sep-11,Comedy | Crime | Drama,Sagar Ballary (additional screenplay) | Sharat Katariya (dialogue) | Farhajaan Sheikh (story),451,Sameera Reddy,38,Sanjay Gupta,0,1
tt2035528,Hum Do Anjaane,2011,N/A,Action | Crime | Drama,Milind Swamy (screenplay) | Milind Swamy (story),452,Sunny Deol,39,Zoya Akhtar,0,1
tt2043923,Mod,2011,14-Oct-11,Drama | Romance | Thriller,Nagesh Kukunoor,453,Shraddha Kapoor,40,Madhur Bhandarkar,0,1
tt2046106,Jaana Pehchana,2011,16-Sep-11,Drama,Aarti S. Bagdi (story) | Neelam Jha (dialogue) | Pratibha Misraa (story) | Sachin (screenplay),454,Akshaye Khanna,41,Vipul Amrutlal Shah,0,1
tt2057441,Mujhse Fraaandship Karoge,2011,14-Oct-11,Comedy | Drama | Romance,Pooja Desai (story) | Anvita Dutt (additional dialogue) | Anvita Dutt (screenplay) | Rajesh Narasimhan (screenplay) | Ashish Patil (story) | Ashish Patil,455,Manish Chaudhary,42,Pooja Bhatt,0,2
tt2058651,Maruti Mera Dosst,2009,5-Jun-09,Animation | Adventure | Drama,Mann Katoja | Manikya Raju,456,Sunil Shetty,43,Anubhav Sinha,0,1
tt2063745,Kya Dilli Kya Lahore,2014,2-May-14,Drama | History | War,Aseem Arora (story) | Manu Rishi Chadha (dialogue) | Manu Rishi Chadha | Gulzar (lyrics) | Pratham Jolly | Sandeep Sinha (additional screenplay),457,Sohail Khan,44,Raj Kanwar,0,1
tt2064816,"I, Me aur Main",2013,1-Mar-13,Drama,Devika Bhagat,458,Esha Deol,45,Anurag Kashyap,0,2
tt2064849,London Paris New York,2012,2-Mar-12,Romance,Anu Menon (story) | Anu Menon (dialogue) | Ritu Bhatia (dialogue),459,Pavan Malhotra,46,Krishna D.K.,0,2
tt2064852,Lottery,2009,20-Mar-09,Crime | Drama | Mystery,Aadesh K. Arjun (dialogue) | Hemant Prabhu (screenplay),460,Sonali Kulkarni,47,Vikram Bhatt,0,1
tt2066062,Shortcut Romeo,2013,21-Jun-13,Action | Crime | Romance,Susi Ganesan (story) | Ilashree Goswami (dialogue),461,Rimi Sen,48,Dibakar Banerjee,0,1
tt2066899,Jugaad,2009,13-Feb-09,Comedy | Drama,Priyank Dubey (screenplay) | Bunty Rathore (screenplay),462,Sushmita Sen,49,Shashilal K. Nair,0,1
tt2066925,Mummy Punjabi: Superman Ki Bhi Maa!!,2011,31-Aug-11,Comedy | Drama,Pammi Somal,463,Gracy Singh,50,Rohan Sippy,0,1
tt2072227,Shanghai,2012,8-Jun-12,Crime | Thriller,Vasilis Vasilikos (adapted from the novel 'Z' by) | Urmi Juvekar (screenplay) | Dibakar Banerjee (screenplay),464,Kunal Khemu,51,Sangeeth Sivan,0,2
tt2073070,Saheb Biwi Aur Gangster,2011,23-Sep-11,Action | Crime | Drama,Sanjay Chauhan | Tigmanshu Dhulia,465,Juhi Chawla,52,Rajkumar Santoshi,0,3
tt2077833,Rowdy Rathore,2012,1-Jun-12,Action | Comedy,Shiraz Ahmed,466,Vinay Pathak,53,Sagar Ballary,0,8
tt2082197,Barfi!,2012,14-Sep-12,Adventure | Comedy | Drama,Anurag Basu (story) | Tani Basu (story) | Sanjeev Dutta (dialogue),467,Dharmendra,54,Habib Faisal,0,7
tt2084863,Jo Dooba So Paar: It's Love in Bihar!,2011,14-Oct-11,Comedy | Crime | Drama,Fareeda (screenplay) | Prabhat Kumar Jha (dialogue) | Praveen Kumar (screenplay) | Praveen Kumar (story) | Joseph Mathai (dialogue) | Ravikant Sharma (dialogue),468,Mohammed Zeeshan Ayyub,55,Satish Kaushik,0,1
tt2094854,Inkaar,2013,18-Jan-13,Drama | Romance,Sudhir Mishra,469,Ranvir Shorey,56,Sujoy Ghosh,0,2
tt2100543,Hum Hai Raahi CAR Ke,2013,24-May-13,Adventure | Romance,Jyotin Goel,470,Genelia D'Souza,57,Deepak S. Shivdasani,0,1
tt2104937,Miley - Naa Miley - Hum,2011,4-Nov-11,Comedy | Drama | Romance,Tanveer Khan (screenplay) | Girish Dhamija (additional writer) | Jeet Garewal (additional screenplay & dialogue),471,Isha Koppikar,58,Milind Ukey,0,1
tt2106537,Matru ki Bijlee ka Mandola,2013,11-Jan-13,Comedy | Drama,Vishal Bhardwaj (dialogue) | Vishal Bhardwaj (screenplay) | Abhishek Chaubey (screenplay) | Sabrina Dhawan (script consultant),472,Soha Ali Khan,59,Dev Anand,0,2
tt2109200,Shakal Pe Mat Ja,2011,18-Nov-11,Comedy | Crime | Drama,Shubh,473,Johnny Lever,60,Raj Nidimoru,0,1
tt2112124,Chennai Express,2013,8-Aug-13,Action | Comedy | Romance,K. Subhash (story) | Yunus Sajawal (screenplay) | Robin Bhatt (additional screenplay) | Farhad (dialogue) | Sajid (dialogue),474,Ayesha Takia,61,Kookie V. Gulati,0,8
tt2112131,Dabangg 2,2012,21-Dec-12,Action | Comedy | Drama,Dilip Shukla,475,Tia Bajpai,62,Mani Shankar,1,8
tt2112978,Jo Hum Chahein,2011,16-Dec-11,Drama | Romance,Pawan Gill | Rashmi Kulkarni (dialogue),476,Nasser,63,Nikhil Advani,0,1
tt2122340,Ferrari Ki Sawaari,2012,15-Jun-12,Crime | Family | Sport,Vidhu Vinod Chopra (original story and screenplay) | Rajesh Mapuskar (original story and screenplay) | Rajkumar Hirani (original story and dialogue) | Shekhar Dhavalikar (script associate) | Ranjeet Bahadur (dialogue associate),477,Saurabh Shukla,64,Pradeep Sarkar,0,5
tt2126282,Ekk Deewana Tha,2012,17-Feb-12,Romance,Manu Rishi Chadha (dialogue) | Meghana Karthik (subtitles) | Gautham Menon (story) | Laju Nanwani,478,Konkona Sen Sharma,65,Ken Ghosh,0,2
tt2130242,Tere Naal Love Ho Gaya,2012,24-Feb-12,Comedy | Romance,Abhijeet Sandhu,479,Ameesha Patel,66,Samir Karnik,0,3
tt2137064,Lanka,2011,9-Dec-11,Action | Crime | Drama,Shashank Dabral (story) | Shashank Dabral,480,Zayed Khan,67,Arshad Khan,0,1
tt2138010,3 Nights 4 Days,2009,9-Oct-09,Romance,N/A,481,Neha Dhupia,68,Govind Menon,0,1
tt2140315,Raaz 3: The Third Dimension,2012,7-Sep-12,Horror | Romance | Thriller,Shagufta Rafique,482,Irrfan Khan,69,Rajat Kapoor,1,7
tt2150074,Koi Hai,2003,N/A,Drama | Horror,Manoj Hansraj | Rajiv S.S. Ruia,483,Revathy,70,Rajat Mukherjee,0,1
tt2155776,Yeh Jo Mohabbat Hai,2012,3-Aug-12,Drama,Dilip Shukla,484,Girish Karnad,71,Apoorva Lakhia,0,1
tt2164702,Zindagi Tere Naam,2012,16-Mar-12,Romance,Sanjay Masoom,485,Fardeen Khan,72,Anant Mahadevan,0,1
tt2166214,Khiladi 786,2012,7-Dec-12,Action | Comedy,Kushal Bakshi (screenplay) | Bunty Rathore (dialogue) | Himesh Reshammiya (story),486,Mahesh Manjrekar,73,Sriram Raghavan,0,4
tt2168910,Cocktail,2012,13-Jul-12,Comedy | Drama | Romance,Imtiaz Ali | Sajid Ali,487,Shakti Kapoor,74,Dharmesh Darshan,0,6
tt2172071,Student of the Year,2012,19-Oct-12,Comedy | Romance,Renzil D'Silva (screenplay) | Karan Johar,488,Shiney Ahuja,75,Aditya Datt,0,5
tt2175671,Ghost,2012,13-Jan-12,Horror,Puja Bedi (screenplay) | Puja Bedi (story),489,Lillete Dubey,76,Suneel Darshan,0,2
tt2176013,Jab Tak Hai Jaan,2012,13-Nov-12,Drama | Romance,Aditya Chopra (story) | Aditya Chopra (screenplay) | Devika Bhagat (screenplay),490,Shreyas Talpade,77,Shashant Shah,0,6
tt2178470,Yeh Jawaani Hai Deewani,2013,31-May-13,Drama | Musical | Romance,Hussain Dalal (dialogue) | Ayan Mukherjee (story),491,Minissha Lamba,78,Sudhir Mishra,0,8
tt2178508,Son of Sardaar,2012,13-Nov-12,Action | Comedy | Romance,Robin Bhatt (screenplay) | Ashwani Dhir (screenplay) | Ashwani Dhir,492,Jimmy Shergill,79,Harry Baweja,0,6
tt2181931,English Vinglish,2012,5-Oct-12,Comedy | Drama | Family,Gauri Shinde,493,Manisha Koirala,80,Tigmanshu Dhulia,0,5
tt2182726,Hansa,2012,N/A,Drama,N/A,494,Atul Kulkarni,81,Kundan Shah,0,1
tt2184125,Chaalis Chauraasi,2012,13-Jan-12,Comedy | Crime,N/A,495,Amrita Arora,82,Deepak Tijori,0,1
tt2185084,From Sydney with Love,2012,31-Aug-12,Comedy | Romance,Prateek Chakravorty (story) | Marmabanda Gavhane (additional dialogue) | Spandan Mishra (additional dialogue),496,Neil Nitin Mukesh,83,Shashanka Ghosh,0,1
tt2186731,Department,2012,18-May-12,Action,Nilesh Girkar (story),497,Rajat Kapoor,84,Rahul Rawail,0,1
tt2186933,Luv Shuv Tey Chicken Khurana,2012,2-Nov-12,Comedy,Sumit Batheja | Sameer Sharma,498,Aftab Shivdasani,85,Raksha Mistry,0,2
tt2187167,Unforgettable,2014,13-Jun-14,Drama | Romance,Arshad Yusuf Pathan,499,Ashmit Patel,86,Nagesh Kukunoor,0,1
tt2187972,Shirin Farhad Ki Toh Nikal Padi,2012,24-Aug-12,Romance,Sanjay Leela Bhansali | Vibhu Puri (additional screenplay),500,Dimple Kapadia,87,Mahesh Manjrekar,0,2
tt2188749,Gali Gali Chor Hai,2012,3-Feb-12,Drama,Rumi Jaffery | Mumukshu Mudgal,501,Urmila Matondkar,88,Suparn Verma,0,1
tt2188805,Login,2012,12-Oct-12,Drama | Thriller,Sanjeev Reddy (story),502,Danny Denzongpa,89,Ashwini Chaudhary,0,1
tt2188893,Staying Alive,2012,3-Feb-12,Drama,Sujit Sen,503,Ahsaas Channa,90,Hansal Mehta,0,1
tt2190256,Daal Mein kuch kaala hai,2012,29-Jun-12,Comedy,N/A,504,Prem Chopra,91,Karan Razdan,0,1
tt2191164,Station,2014,28-Mar-14,Crime | Drama | Thriller,Saad Khan (story) | Saad Khan | Saad Khan,505,Sushant Singh,92,Eeshwar Nivas,0,1
tt2191641,Chaar Din Ki Chandni,2012,9-Mar-12,Comedy | Romance,Nishant Hada (dialogue) | Nishant Hada (screenplay) | Amit Masurkar (dialogue) | Amit Masurkar (screenplay),506,Rahul Dev,93,Hasnain Hyderabadwala,0,1
tt2191721,Jodi Breakers,2012,2-Mar-12,Comedy | Musical | Romance,Ashwini Chaudhary | Sanyukta Shaikh Chawla,507,Kay Kay Menon,94,Subhash Ghai,0,2
tt2193145,Maharana Pratap: The First Freedom Fighter,2012,12-Oct-12,Action | War,N/A,508,Darshan Jariwala,95,Guddu Dhanoa,0,1
tt2203308,Aashiqui 2,2013,26-Apr-13,Drama | Music | Musical,Shagufta Rafique,509,Antara Mali,96,Kabir Sadanand,1,8
tt2207668,Chakradhaar,2012,15-Jun-12,Action,Dharam Prakash | Arsh Rana,510,Jackie Shroff,97,Kanti Shah,0,1
tt2208248,Machhli Jal Ki Rani Hai,2014,13-Jun-14,Horror,N/A,511,Vrajesh Hirjee,98,Robby Grewal,0,1
tt2210576,Myoho,2012,14-Dec-12,Drama,Ranjan Shandilya,512,Vicky Ahuja,99,Hriday Shetty,0,1
tt2213054,Kai po che!,2013,22-Feb-13,Drama | Sport,Chetan Bhagat (novel) | Abhishek Kapoor (adaptation) | Supratik Sen (adaptation) | Chetan Bhagat (adaptation) | Pubali Chaudhuri (adaptation),513,Sandhya Mridul,100,Anant Balani,0,5
tt2215163,Issaq,2013,26-Jul-13,Drama,Pawan Sony | Padmaja Thakore | Manish Tiwary,514,Arbaaz Khan,101,Kabeer Kaushik,0,1
tt2215477,Goliyon Ki Rasleela Ram-Leela,2013,15-Nov-13,Drama | Musical | Romance,Sanjay Leela Bhansali (screenplay) | Garima (screenplay) | William Shakespeare (play) | Siddharth (screenplay),515,Prachi Desai,102,Amol Shetge,0,6
tt2216852,Main Aur Mr. Riight,2014,12-Dec-14,Comedy | Romance,N/A,516,Ali Zafar,103,Pankaj Parashar,0,1
tt2220828,Identity Card,2014,29-Aug-14,Comedy | Drama | Sci-Fi,Sanjay Amar,517,Udita Goswami,104,N/A,0,1
tt2222550,1920: Evil Returns,2012,2-Nov-12,Drama | Horror | Romance,Vikram Bhatt,518,Rana Jung Bahadur,105,Rajiv S. Ruia,1,5
tt2222716,Baat Bann Gayi,2013,11-Oct-13,Comedy | Romance,Shuja Ali | Akshay Singh,519,Abhay Deol,106,Ashu Trikha,0,1
tt2224254,3 Bachelors,2012,29-Jun-12,Comedy | Romance,Raghuvir Shekhawat | Ajai Sinha,520,Neetu Chandra,107,Tanuja Chandra,0,1
tt2224313,Listen... Amaya,2013,1-Feb-13,Drama,Vikas Chandra (additional dialogue) | Avinash Kumar Singh (dialogue) | Avinash Kumar Singh | Geeta Singh (dialogue) | Geeta Singh (story),521,Sanjay Mishra,108,Mehul Kumar,0,1
tt2224317,Lootera,2013,5-Jul-13,Drama | Romance,Bhavani Iyer (screenplay) | Anurag Kashyap (dialogue) | Vikramaditya Motwane (screenplay),522,Priyanshu Chatterjee,109,Ashok Tyagi,0,2
tt2224541,Tutiya Dil,2012,13-Jan-12,Romance,Amit Khanna,523,Raveena Tandon,110,Chandan Arora,0,1
tt2226666,Jism 2,2012,3-Aug-12,Drama | Romance | Thriller,Mahesh Bhatt (screenplay) | Mahesh Bhatt | Shagufta Rafique (dialogue),524,Alok Nath,111,Rahat Kazmi,1,5
tt2229842,Table No. 21,2013,4-Jan-13,Adventure | Thriller,Sheershak Anand (story) | Shantanu Ray Chhibber (story) | T. Rafael Cimino (novel) | Abhijeet Deshpande,525,Mahie Gill,112,Raj N. Sippy,0,3
tt2232524,Mere Dost Picture Abhi Baaki Hai,2012,20-Jul-12,Comedy,Rajnish Thakur,526,Sharat Saxena,113,Ajai Sinha,0,1
tt2234328,Siyaah..,2012,11-Jul-12,Horror,Aziz Naser,527,Mithun Chakraborty,114,Shyam Ramsay,0,1
tt2236494,Shudra the Rising,2012,23-Jul-12,History,N/A,528,Bobby Deol,115,Jag Mundhra,0,1
tt2241224,Cheenti Cheenti Bang Bang,2008,1-Oct-08,Animation | Family,Kharaj Mukhherjee,529,Tinnu Anand,116,Kalpana Lajmi,0,1
tt2243336,Aalaap,2012,27-Jul-12,Sci-Fi,Dilip Shukla,530,Manjari Phadnis,117,Ajay Chandhok,0,1
tt2246533,2 Nights in Soul Valley,2012,28-Dec-12,Adventure | Horror | Mystery,Suman Prasad (screenplay) | Harish Sharma (story) | Meenakshi Sharma (dialogue & screenplay),531,Kunal Kapoor,118,Puneet Sira,0,1
tt2246595,Blood Money,2012,30-Mar-12,Action | Drama | Thriller,Vishal Mahadkar (story) | Sanjay Masoom (additional dialogue) | Upendra Sidhaye,532,Ayub Khan,1,Rajkumar Hirani,0,2
tt2246724,Ghanchakkar,2013,3-Jul-13,Comedy | Crime | Thriller,Raj Kumar Gupta (screenplay) | Parveez Sheikh (screenplay) | Parveez Sheikh (story),533,Kashmira Shah,2,Farah Khan,0,2
tt2251552,Challo Driver,2012,20-Jul-12,Comedy,Vickrant Mahajan,534,Deepak Dobriyal,3,Karan Johar,0,1
tt2253708,Future to Bright Hai Ji,2012,2-Nov-12,Drama,Sanjay Amar,535,Rajpal Yadav,4,Sajid Khan,0,1
tt2255934,Aiyyaa,2012,12-Oct-12,Comedy,N/A,536,Divya Dutta,5,Rohit Shetty,0,1
tt2256514,Rush,2012,26-Oct-12,Thriller,Shamin Desai (dialogue) | Sanjay Masoom (dialogue writer),537,Rajat Bedi,6,Kabir Khan,0,1
tt2265191,Bumboo,2012,30-Mar-12,Comedy,Kavin Dave | Jagdish Rajpurohit,538,Rahul Bose,7,Anil Sharma,0,1
tt2275794,Gori Tere Pyaar Mein,2013,22-Nov-13,Comedy | Romance,Punit Malhotra | Arshad Sayed,539,Parvin Dabas,8,Farhan Akhtar,0,1
tt2275802,Satyagraha,2013,30-Aug-13,Drama,Prakash Jha | Anjum Rajabali,540,Asrani,9,Siddharth Anand,0,2
tt2278422,Kamaal Dhamaal Malamaal,2012,28-Sep-12,Comedy,N/A,541,Raghuvir Yadav,10,Anees Bazmee,1,1
tt2283894,Riyasat,2014,18-Jul-14,Crime,N/A,542,Avtar Gill,11,Prabhudheva,0,1
tt2292625,Chakravyuh,2012,24-Oct-12,Drama | Thriller | War,Prakash Jha | Sagar Pandya | Anjum Rajabali,543,Aashish Chaudhary,12,Shaad Ali,0,2
tt2294685,Jeena Hai Toh Thok Daal,2012,14-Sep-12,Drama,Saurabh Choudhary (screenplay),544,Laxmikant Berde,13,Anurag Basu,0,1
tt2301155,Shootout at Wadala,2013,3-May-13,Action | Crime,Sanjay Bhatia (screenplay) | Abhijeet Deshpande (screenplay) | Sanjay Gupta (screenplay) | Sanjay Gupta (story) | Hussain Zaidi (story) | Milap Zaveri (dialogue),545,Nandita Das,14,Mohit Suri,1,4
tt2306721,Second Marriage Dot Com,2012,20-Aug-12,Drama,Gaurav Panjwani (story) | Dinkar Sharma (screenplay),546,Mukesh Tiwari,15,Sanjay Leela Bhansali,0,1
tt2308773,Born to Hate... Destined to Love,2012,11-May-12,Action | Drama | Romance,Habib Faisal,547,Mahima Chaudhry,16,Imtiaz Ali,0,4
tt2308829,Milta Hai Chance by Chance,2011,5-Aug-11,Comedy,N/A,548,Shahana Goswami,17,Mani Ratnam,0,1
tt2309764,Singham Returns,2014,15-Aug-14,Action,Rohit Shetty (story) | Yunus Sajawal (screenplay) | Farhad (dialogue) | Sajid (dialogue),549,Tara Sharma,18,David Dhawan,1,7
tt2309987,Hate Story,2012,20-Apr-12,Thriller,Vikram Bhatt | Rohit Malhotra (dialogue),550,Smita Jaykar,19,Aanand Rai,0,4
tt2317103,Sons of Ram,2012,2-Nov-12,Animation | Drama | Musical,Kushal Ruia (story) | Vivek Kumar (contributing writer) | Anant Pai (comic book) | Divya Chandel (additional dialogue) | Arnab Kanti Mishra (additional dialogue),551,Gulshan Grover,20,Ashwani Dhir,0,1
tt2317135,Tamanchey,2014,10-Oct-14,Crime | Romance,N/A,552,Vidya Malvade,21,Raj Kumar Gupta,0,1
tt2317337,Vicky Donor,2012,20-Apr-12,Comedy | Romance,Juhi Chaturvedi (dialogue) | Juhi Chaturvedi (screenplay) | Juhi Chaturvedi (story),553,Yashpal Sharma,22,Rakeysh Omprakash Mehra,0,6
tt2318401,Bandook,2013,18-Jan-13,Crime | Thriller,N/A,554,Manoj Bajpayee,23,Sanjay Gadhvi,0,1
tt2319889,Jannat 2,2012,4-May-12,Crime | Drama | Thriller,Kapil Chopra | Sanjay Masoom (dialogue),555,Ashutosh Rana,24,Indra Kumar,1,5
tt2321163,ABCD (Any Body Can Dance),2013,8-Feb-13,Music | Western,Amit Aryan (dialogue) | Tushar Hiranandani (screenplay) | Mayur Puri (additional dialogue) | Remo (story) | Bhanu Pratap Singh (associate writer),556,Ravi Kishan,25,Kunal Deshmukh,0,5
tt2321492,Krishna Aur Kans,2012,3-Aug-12,Animation | Action | Adventure,Kamlesh Pandey (screenplay) | Dhrubo Banerjee (story) | Bhaskar Mani (story),557,Nafisa Ali,26,Kunal Kohli,0,1
tt2323964,Mere Dad Ki Maruti,2013,15-Mar-13,Comedy,Ashima Chibber (screenplay) | Pooja Desai (screenplay) | Ishita Moitra (dialogue) | Neeraj Udhwani (screenplay) | Neeraj Udhwani (story),558,Arunoday Singh,27,Abhishek Kapoor,0,3
tt2327389,Life Ki Toh Lag Gayi,2012,20-Apr-12,Comedy,Rakesh Mehta,559,Omkar Das Manikpuri,28,N. Chandra,0,1
tt2332705,Love Recipe,2012,5-May-12,Comedy,Shyam Goel | M. Salim | Amol Shetge,560,Himanshu Malik,29,Priyadarshan,0,1
tt2337292,Chor chor super chor,2013,2-Aug-13,Comedy | Drama | Thriller,Rajesh. K. (story) | Ani Thomas (screenplay) | Radhakrishnan Cherpu (screenplay) | Alok Chaturvedi (dialogue writer) | Rajesh. K.,561,Mimoh Chakraborty,30,Shoojit Sircar,0,1
tt2338151,PK,2014,19-Dec-14,Comedy | Drama | Fantasy,Rajkumar Hirani | Abhijit Joshi | Sreerag Nambiar,562,Nushrat Bharucha,31,Ashutosh Gowariker,0,9
tt2339549,Maximum,2012,29-Jun-12,Crime | Thriller,Kabeer Kaushik (screenplay),563,Sarika,32,Ram Gopal Varma,0,1
tt2341766,Nautanki Saala!,2013,12-Apr-13,Comedy,Benoît Graffin (original story) | Pierre Salvadori (original story) | Nipun Dharmadhikari (screenplay) | Rohan Sippy (screenplay) | Charudutt Acharya (screenplay),564,Hema Malini,33,Vishal Bhardwaj,0,3
tt2343417,Chhodo Kal Ki Baatein,2012,12-Apr-12,Drama,Pramod Joshi (dialogue) | Pramod Joshi (screenplay) | Raz Kazi (dialogue) | Raz Kazi (screenplay),565,Krishna Bhatt,34,Abbas Alibhai Burmawalla,0,1
tt2344678,Himmatwala,2013,29-Mar-13,Action | Comedy,K. Raghavendra Rao (original story) | Sajid Khan (story) | Sajid Khan (screenplay) | Farhad (screenplay) | Sajid (screenplay),566,Dino Morea,35,Mastan Alibhai Burmawalla,0,2
tt2346744,Cigarette Ki Tarah,2012,14-Dec-12,Romance | Thriller,Pradip Atluri | Bobby Khan,567,Tanushree Dutta,36,Milan Luthria,0,1
tt2347289,Bittoo Boss,2012,13-Apr-12,Romance,Supavitra Babul | Gautam Mehra,568,Zakir Hussain,37,Prakash Jha,0,1
tt2350496,The Lunchbox,2013,20-Sep-13,Drama | Romance,Ritesh Batra (screenplay) | Vasan Bala (hindi dialogue writer),569,Asif Basra,38,Sanjay Gupta,0,4
tt2353824,Janleva 555,2012,18-Oct-12,Musical | Romance | Thriller,Manoj Bhoj | Sundeep Malani (story) | Sundeep Malani,570,Sachin Khedekar,39,Zoya Akhtar,0,1
tt2354223,Mumbai's King,2012,6-Jan-13,Drama,Jaihind (story) | Manjeet Singh (screenplay) | Manjeet Singh (story),571,Celina Jaitly,40,Madhur Bhandarkar,0,1
tt2354407,Teri Meri Kahaani,2012,22-Jun-12,Drama | Romance,Robin Bhatt (screenplay) | Kunal Kohli (story) | Surabhi Rumbles (screenplay),572,Raima Sen,41,Vipul Amrutlal Shah,0,2
tt2356180,Bhaag Milkha Bhaag,2013,12-Jul-13,Biography | Drama | History,Prasoon Joshi,573,Gul Panag,42,Pooja Bhatt,0,7
tt2356959,Ajab Gazabb Love,2012,24-Oct-12,Romance,Anvita Dutt (additional screenplay) | Mayur Puri (screenplay) | G. Nageswara Reddy (original story),574,Rakesh Bedi,43,Anubhav Sinha,0,1
tt2357489,Zanjeer,2013,6-Sep-13,Action,Salim Khan (original story) | Javed Akhtar (original story) | Apoorva Lakhia (story) | Chintan Gandhi (dialogue) | Suresh Nair (screenplay),575,Rati Agnihotri,44,Raj Kanwar,0,1
tt2357926,Ramaiya Vastavaiya,2013,19-Jul-13,Comedy | Family | Romance,Shiraz Ahmed (screenplay) | Veeru Potla (story),576,Ali Fazal,45,Anurag Kashyap,0,2
tt2358412,David,2013,8-Feb-13,Action | Crime | Drama,Abhijeet Deshpande (dialogue & lyrics) | Bejoy Nambiar (screenplay) | Bejoy Nambiar (story) | Natasha Sahgal (screenplay),577,Aarti Chhabria,46,Krishna D.K.,0,1
tt2359810,Raanjhanaa,2013,21-Jun-13,Drama | Romance,Himanshu Sharma,578,Satish Kaushik,47,Vikram Bhatt,0,6
tt2361148,Club 60,2013,6-Dec-13,Drama,Sanjay Tripathy,579,Seema Biswas,48,Dibakar Banerjee,0,1
tt2362778,Saheb Biwi Aur Gangster Returns,2013,8-Mar-13,Action | Crime | Drama,Tigmanshu Dhulia (screenplay) | Tigmanshu Dhulia (story) | Kamal Pandey (story),580,Sanjay Suri,49,Shashilal K. Nair,1,3
tt2367056,Chal Pichchur Banate Hain,2012,7-Sep-12,Drama,Pritish Chakraborty,581,Arun Bakshi,50,Rohan Sippy,0,1
tt2369154,R... Rajkumar,2013,6-Dec-13,Action | Comedy | Romance,Prabhudheva (story) | Prabhudheva (screenplay) | Sunil Kumar Agrawal (screenplay) | Ravi S. Sundaram (screenplay) | Shiraz Ahmed (dialogue),582,Arya Babbar,51,Sangeeth Sivan,0,4
tt2372222,Kick,2014,25-Jul-14,Action | Comedy | Romance,Vakkantham Vamsi (story) | Rajat Arora (screenplay) | Keith Gomes (screenplay) | Sajid Nadiadwala (screenplay) | Chetan Bhagat (additional screenplay) | Rajat Arora (dialogue),583,Namrata Shirodkar,52,Rajkumar Santoshi,0,8
tt2372678,2 States,2014,18-Apr-14,Drama | Romance,Chetan Bhagat (story) | Abhishek Varman (screenplay) | Hussain Dalal (dialogue),584,Dipannita Sharma,53,Sagar Ballary,0,7
tt2377938,Special 26,2013,8-Feb-13,Crime | Drama | Thriller,Neeraj Pandey,585,Manu Rishi Chadha,54,Habib Faisal,0,5
tt2378057,?: A Question Mark,2012,17-Feb-12,Horror | Mystery | Thriller,Yash Dave | Allison Patel,586,Sharad S. Kapoor,55,Satish Kaushik,0,1
tt2387495,Jalpari: The Desert Mermaid,2012,1-Oct-12,Drama | Family | Mystery,Sameer Gautam Singh (dialogue) | Deepak Venkatesha | Deepak Venkatesha (story),587,Farida Jalal,56,Sujoy Ghosh,0,1
tt2389486,Mai,2013,1-Feb-13,Drama | Family,Mahesh Kodiyal | Manoj Tapadia,588,Mugdha Godse,57,Deepak S. Shivdasani,0,1
tt2389974,Aatma,2013,22-Mar-13,Drama | Horror | Thriller,Sudarshana Dwivedi (dialogue) | Suparn Verma (dialogue) | Suparn Verma (story) | Suparn Verma,589,Riya Sen,58,Milind Ukey,0,2
tt2401719,Prague,2013,27-Sep-13,Mystery | Romance | Thriller,Rohit Khaitan (conceived by) | Akshendra Mishra (additional screenplay) | Sumit Saxena (screenplay) | Ashish R. Shukla (screenplay) | Ashish R. Shukla (story) | Vijay Verma (additional screenplay),590,Bhoomika Chawla,59,Dev Anand,0,1
tt2402131,Kismet Love Paisa Dilli,2012,5-Oct-12,Adventure | Comedy | Crime,Sanjay M Khanduri | Sanjay M Khanduri | Rishabh Sharma (dialogue),591,Tulip Joshi,60,Raj Nidimoru,0,1
tt2402691,Saari Raat,2013,17-Feb-13,Short | Drama,N/A,592,Vijay Raaz,61,Kookie V. Gulati,0,1
tt2404027,Arjun: The Warrior Prince,2012,25-May-12,Animation | Action | Adventure,Rajesh Devraj | R.D. Tailang (dialogue),593,Hrishitaa Bhatt,62,Mani Shankar,0,1
tt2404187,Bloody Isshq,2013,1-Mar-13,Romance,Aroti Bhattacharya,594,Dinesh Hingoo,63,Nikhil Advani,0,1
tt2404519,3G - A Killer Connection,2013,15-Mar-13,Horror | Sci-Fi | Thriller,Sheershak Anand (story) | Shantanu Ray Chhibber (story) | Sumit Saxena (dialogue),595,Sadashiv Amrapurkar,64,Pradeep Sarkar,0,2
tt2404673,Overtime,2012,29-Jun-12,Drama,Saajan Agarwal (dialogue) | Ajay Yadav (story),596,Mohnish Bahl,65,Ken Ghosh,0,1
tt2406636,Bhoot Returns,2012,12-Oct-12,Horror,N/A,597,Farooq Shaikh,66,Samir Karnik,1,2
tt2406676,Ek Thi Daayan,2013,18-Apr-13,Horror | Romance | Thriller,Vishal Bhardwaj (dialogue) | Vishal Bhardwaj (story) | Matthew Robbins (script collaborator) | Mukul Sharma (story),598,Vikram Gokhale,67,Arshad Khan,0,3
tt2416294,Rabba Main Kya Karoon,2013,2-Aug-13,Comedy | Romance,Aakash Kaushik,599,Govind Namdeo,68,Govind Menon,0,1
tt2423132,Akaash Vani,2013,25-Jan-13,Romance,N/A,600,Kurush Deboo,69,Rajat Kapoor,0,1
tt2429640,Murder 3,2013,15-Feb-13,Thriller,"Mahesh Bhatt | Hatem Khraiche (original film ""La Cara Oculta"") | Amit Masurkar (additional screenplay)",601,Sahil Khan,70,Rajat Mukherjee,1,2
tt2429930,Khwaabb,2014,9-May-14,Drama | Romance | Sport,Moraad Ali Khan (story) | Arnab Mukherjee,602,Yash Tonk,71,Apoorva Lakhia,0,1
tt2436516,Go Goa Gone,2013,10-May-13,Action | Adventure | Comedy,Krishna D.K. (story) | Kunal Khemu (dialogue) | Sita Menon (dialogue) | Sita Menon (story) | Raj Nidimoru (story) | Raja Sen (additional dialogue),603,Ishrat Ali,72,Anant Mahadevan,0,2
tt2437954,Singh Saab the Great,2013,22-Nov-13,Action | Drama,Shaktimaan Talwar,604,Milind Gunaji,73,Sriram Raghavan,0,2
tt2438764,Rajjo,2013,15-Nov-13,Drama | Romance,Vishwas Patil,605,Sudesh Berry,74,Dharmesh Darshan,0,1
tt2461132,Happy New Year,2014,24-Oct-14,Action | Comedy | Crime,Althea Kaushal | Farah Khan | Mayur Puri,606,Rajit Kapoor,75,Aditya Datt,0,7
tt2476154,Grand Masti,2013,13-Sep-13,Comedy | Drama | Romance,Tushar Hiranandani (story) | Milap Zaveri (dialogue) | Milap Zaveri (story),607,Nassar Abdulla,76,Suneel Darshan,1,7
tt2510874,Yamla Pagla Deewana 2,2013,7-Jun-13,Action | Comedy | Drama,Jasvinder Bath (screenplay) | Lynda Deol (story),608,Snehal Dabi,77,Shashant Shah,1,2
tt2554042,Maazii,2013,27-Sep-13,Thriller,Sumit Nijhawan | Shirish Sharma,609,Sandali Sinha,78,Sudhir Mishra,0,1
tt2556308,Holiday,2014,6-Jun-14,Action | Romance | Thriller,A.R. Murugadoss,610,Kader Khan,79,Harry Baweja,0,6
tt2560016,Rajdhani Express,2013,4-Jan-13,Action | Drama | Thriller,Ashok Kohli (dialogue) | Ashok Kohli (screenplay),611,Rajeev Khandelwal,80,Tigmanshu Dhulia,0,1
tt2571140,Boss,2013,16-Oct-13,Action | Comedy | Drama,Siby K. Thomas (original story) | Udaykrishnan (original story) | Farhad | Sajid,612,Anupama Verma,81,Kundan Shah,0,2
tt2573750,Gulaab Gang,2014,7-Mar-14,Action | Drama,Soumik Sen (story) | Amitosh Nagpal (dialogue) | Soumik Sen (dialogue),613,Anang Desai,82,Deepak Tijori,0,2
tt2574698,Gunday,2014,14-Feb-14,Action | Crime | Drama,Ali Abbas Zafar | Sanjay Masoom (additional dialogue),614,Himesh Reshammiya,83,Shashanka Ghosh,0,5
tt2576450,Besharam,2013,2-Oct-13,Comedy | Romance,Rajeev Barnwal | Abhinav Kashyap,615,Bharati Achrekar,84,Rahul Rawail,0,2
tt2589600,Mere Haule Dost,2013,7-Jun-13,Comedy | Drama,Nitin Raghunath,616,Ashish Vidyarthi,85,Raksha Mistry,0,1
tt2609218,Ragini MMS 2,2014,21-Mar-14,Horror | Romance | Thriller,Tanveer Bookwala (story) | Ishita Moitra (dialogue),617,Purab Kohli,86,Nagesh Kukunoor,1,6
tt2609468,Sona Spa,2013,22-Mar-13,Drama | Mystery | Thriller,Makrand Deshpande,618,Ila Arun,87,Mahesh Manjrekar,0,1
tt2612924,Lucky Kabootar,2014,18-Apr-14,Comedy,Shammi Chhabra | Shyam Goel,619,Ram Kapoor,88,Suparn Verma,0,1
tt2613380,Pehli Nazar Ka Pyaar,2008,4-Nov-08,Romance,Armaan Shahabi,620,Manoj Joshi,89,Ashwini Chaudhary,0,1
tt2613942,Dehraadun Diary,2013,4-Jan-13,Thriller,Aseem Arora (screenplay) | Aseem Arora (script),621,Preeti Jhangiani,90,Hansal Mehta,0,1
tt2615584,Phata Poster Nikhla Hero,2013,20-Sep-13,Action | Comedy,Rajkumar Santoshi,622,Jacky Bhagnani,91,Karan Razdan,0,2
tt2621000,Jolly LLB,2013,15-Mar-13,Comedy | Drama,Subhash Kapoor,623,Anuj Sawhney,92,Eeshwar Nivas,0,6
tt2622130,Jayantabhai Ki Luv Story,2013,15-Feb-13,Action | Comedy | Romance,Kiran Kotrial,624,Neha Sharma,93,Hasnain Hyderabadwala,0,1
tt2624852,Gangoobai,2013,11-Jan-13,Drama | Family,Priya Krishnaswamy | Rayomand J. Patell (additional screenplay writer) | Abhay Tiwari (dialogue),625,Neena Gupta,94,Subhash Ghai,0,1
tt2630076,Super Nani,2014,31-Oct-14,Drama,N/A,626,Gajendra Chouhan,95,Guddu Dhanoa,0,1
tt2633598,Rise of the Zombie,2013,5-Apr-13,Drama | Horror | Thriller,Devaki Singh,627,Perizaad Zorabian,96,Kabir Sadanand,0,1
tt2635622,The Attacks of 26/11,2013,1-Mar-13,Drama,Prashant Pandey (dialogue) | Rommel Rodrigues (story),628,Aryan Vaid,97,Kanti Shah,0,2
tt2675978,Dedh Ishqiya,2014,10-Jan-14,Comedy | Drama | Romance,Vishal Bhardwaj (dialogue) | Vishal Bhardwaj (screenplay) | Abhishek Chaubey (screenplay) | Darab Farooqui (story),629,Prateik,98,Robby Grewal,1,2
tt2679480,Sulemani Keeda,2014,28-Nov-14,Comedy | Romance,Amit Masurkar,630,Sayaji Shinde,99,Hriday Shetty,0,1
tt2691010,Mumbai 125 KM 3D,2014,17-Oct-14,Horror,Hemant Madhukar,631,Anita Hassandani,100,Anant Balani,0,1
tt2699840,John Day,2013,13-Sep-13,Drama,Kartik Krishnan (dialogue) | Ahishor Solomon,632,Pooja Batra,101,Kabeer Kaushik,0,1
tt2706264,Rangrezz,2013,21-Mar-13,Action |Drama |Adventure,Manisha Korde (dialogue) | Mushtaq Sheikh (screenplay),633,Vatsal Seth,102,Amol Shetge,0,1
tt2727028,Total Chaos,2014,7-Mar-14,Comedy | Drama | Romance,Dominic Harari (based on the film by) | Neeraj Pandey | Teresa Pelegri (based on the film by),634,Suman Ranganathan,103,Pankaj Parashar,0,1
tt2762334,Main Tera Hero,2014,4-Apr-14,Action | Comedy | Romance,Tushar Hiranandani (story) | Milap Zaveri (dialogue),635,Javed Jaffrey,104,N/A,0,5
tt2767712,Badlapur Boys,2014,12-Dec-14,Drama,Shailesh Verma,636,Mukesh Bhatt,105,Rajiv S. Ruia,0,1
tt2796318,Mickey Virus,2013,25-Oct-13,Comedy | Thriller,Elvin Raja (script co-writer) | Kuldeep Ruhil (script consultant & dialogue) | Saurabh Varma (screenplay),637,Arjan Bajwa,106,Ashu Trikha,0,2
tt2797242,Bombay Talkies,2013,3-May-13,Drama,N/A,638,Kabir Bedi,107,Tanuja Chandra,0,2
tt2798620,Chhota Bheem and the Curse of Damyaan,2012,18-May-12,Animation | Adventure | Fantasy,Rajiv Chilaka (original idea) | Richa Deo | Seeta,639,Mukul Dev,108,Mehul Kumar,0,2
tt2804026,Aurangzeb,2013,17-May-13,Action | Drama | Thriller,Atul Sabharwal (script),640,Shawar Ali,109,Ashok Tyagi,0,2
tt2806788,Fukrey,2013,14-Jun-13,Comedy | Drama | Romance,Mrigdeep Singh Lamba (additional dialogue) | Mrigdeep Singh Lamba (screenplay) | Vipul Vig (screenplay) | Vipul Vig (story),641,Ayesha Jhulka,110,Chandan Arora,0,5
tt2814372,Gippi,2013,10-May-13,Comedy | Drama,Sonam Nair (screenplay),642,Rajesh Khanna,111,Rahat Kazmi,0,2
tt2826126,Shree,2013,26-Apr-13,Sci-Fi,Rajesh Bachchani,643,Birbal,112,Raj N. Sippy,0,1
tt2848824,Bajatey Raho,2013,26-Jul-13,Comedy | Drama | Thriller,Zafar Khan (story) | Akshay Verma (dialogue),644,Sayali Bhagat,113,Ajai Sinha,0,2
tt2855648,Madras Cafe,2013,23-Aug-13,Action | Drama | History,Shubhendu Bhattacharya (story) | Juhi Chaturvedi (dialogue) | Somnath Dey (story) | Dusan Tolmac (additional screenplay) | Dusan Tolmac (script consultant),645,Kiran Kumar,114,Shyam Ramsay,0,4
tt2857500,Saare Jahaan Se Mehnga...,2013,8-Mar-13,Comedy | Drama,Vijay Manral | Roopesh Thapliyal | Rupesh Thapliyal,646,Chunky Pandey,115,Jag Mundhra,0,1
tt2861320,Policegiri,2013,5-Jul-13,Action | Comedy | Drama,Farhad (dialogue) | Hari (original story) | K.S. Ravikumar (screenplay) | Sajid (dialogue),647,Mandira Bedi,116,Kalpana Lajmi,0,2
tt2871010,Sonali Cable,2014,17-Oct-14,Drama,Charudutt Acharya,648,Makrand Deshpande,117,Ajay Chandhok,0,1
tt2876408,Mr Joe B. Carvalho,2014,3-Jan-14,Comedy,Arshad Sayyad,649,Aditya Srivastava,118,Puneet Sira,0,1
tt2905838,Bang Bang,2014,2-Oct-14,Action | Adventure | Comedy,Sujoy Ghosh (screenplay) | Suresh Nair (screenplay) | Patrick O'Neill (original story) | Abbas Tyrewala (dialogue),650,Nauheed Cyrusi,1,Rajkumar Hirani,0,5
tt2907156,Paranthe Wali Gali,2014,17-Jan-14,Drama | Romance,Sachin Gupta,651,Abhay Bhargav,2,Farah Khan,0,1
tt2912578,Ankur Arora Murder Case,2013,14-Jun-13,Drama | Thriller,Vikram Bhatt | Shagufta Rafique (dialogue),652,Prashant Narayanan,3,Karan Johar,0,1
tt2929840,Zindagi 50 50,2013,24-May-13,Drama,Bunty Rathore (dialogue) | Rajiv S. Ruia (story) | Rajiv S. Ruia | S. Sachinder (screenplay),653,Puru Rajkumar,4,Sajid Khan,0,1
tt2941856,Enemmy,2013,21-Jun-13,Action | Crime | Drama,Dileep Shukla (dialogue) | Ashu Trikha (script) | Ashu Trikha,654,Rohini Hattangadi,5,Rohit Shetty,0,1
tt2946506,It's Rocking: Dard-E-Disco,2012,9-Nov-12,Comedy,N/A,655,Mukesh Ahuja,6,Kabir Khan,0,1
tt2951576,One by Two,2014,31-Jan-14,Comedy | Drama | Romance,Devika Bhagat (dialogue) | Devika Bhagat (story) | Manoj Tapadia (dialogue),656,Nagesh Bhonsle,7,Anil Sharma,0,1
tt2976172,Sixteen,2013,12-Jul-13,Drama | Romance | Thriller,Raj Purohit | Pawan Sony,657,Shweta Bhardwaj,8,Farhan Akhtar,0,1
tt2976176,Lakshmi,2014,21-Mar-14,Drama,Nagesh Kukunoor,658,Vikas Anand,9,Siddharth Anand,0,1
tt2978626,Entertainment,2014,8-Aug-14,Comedy,Farhad (screenplay) | Sajid (screenplay) | K. Subhash (story),659,Akhilendra Mishra,10,Anees Bazmee,0,2
tt2980794,Highway,2014,21-Feb-14,Drama | Romance,Imtiaz Ali,660,Rituparna Sengupta,11,Prabhudheva,0,3
tt2988272,Shuddh Desi Romance,2013,6-Sep-13,Comedy | Drama | Romance,Jaideep Sahni,661,Hazel Croney,12,Shaad Ali,0,6
tt2998196,Kuku Mathur Ki Jhand Ho Gayi,2014,30-May-14,Comedy | Romance,N/A,662,Harman Baweja,13,Anurag Basu,0,1
tt3001638,Mary Kom,2014,5-Sep-14,Biography | Drama | Sport,Saiwyn Qadras (story) | Ramendra Vasishth (dialogue) | Karan Singh Rathore (dialogue),663,Sudha Chandran,14,Mohit Suri,0,5
tt3005850,Sooper Se Ooper,2013,25-Oct-13,Comedy,Shekhar Ghosh,664,Shabana Azmi,15,Sanjay Leela Bhansali,0,1
tt3017412,Happy Ending,2014,21-Nov-14,Comedy | Romance,Raj Nidimoru (story) | Krishna D.K. (story) | Sita Menon (story) | Raj Nidimoru (screenplay) | Krishna D.K. (screenplay) | Sita Menon (screenplay) | Hussain Dalal (dialogue),665,Benjamin Gilani,16,Imtiaz Ali,0,1
tt3021244,Chaarfutiya Chhokare,2014,26-Sep-14,Drama | Thriller,Manish Harishankar,666,Dev Anand,17,Mani Ratnam,0,1
tt3031896,Lakeer ka Fakeer,2013,14-Jun-13,Crime,N/A,667,Tanvi Azmi,18,David Dhawan,0,1
tt3036740,Humshakals,2014,20-Jun-14,Comedy,Sajid Khan (story) | Robin Bhatt (screenplay) | Sajid Khan (screenplay) | Akarsh Khurana (screenplay) | Adhir Bhatt (additional dialogue),668,Adi Irani,19,Aanand Rai,0,2
tt3038772,Kaanchi,2014,25-Apr-14,Drama | Musical | Romance,Subhash Ghai,669,Achint Kaur,20,Ashwani Dhir,0,1
tt3044882,Nasha,2013,26-Jul-13,Drama | Romance | Thriller,Ajit Rajpal,670,Yuvika Chaudhry,21,Raj Kumar Gupta,0,2
tt3045946,Tara: The Journey of Love and Passion,2013,12-Jul-13,Drama,N/A,671,Pankaj Berry,22,Rakeysh Omprakash Mehra,0,1
tt3056632,Manjunath,2014,9-May-14,Drama,N/A,672,Varun Dhawan,23,Sanjay Gadhvi,0,1
tt3059106,Satya 2,2013,8-Nov-13,Crime,Radhika Anand | Kary Arora (lyrics) | Meeraqh (Telugu Dialogue Writer),673,Nargis Fakhri,24,Indra Kumar,1,1
tt3138602,Warning,2013,27-Sep-13,Adventure | Thriller,Rajesh Chawla | Tejpal Singh Rawat,373,Aamir Khan,25,Kunal Deshmukh,0,1
tt3142232,Heropanti,2014,23-May-14,Action | Romance,Sanjeev Dutta,374,Shah Rukh Khan,26,Kunal Kohli,0,6
tt3142688,Finding Fanny,2014,12-Sep-14,Comedy | Drama | Romance,Homi Adajania | Kersi Khambatta,375,Salman Khan,27,Abhishek Kapoor,0,2
tt3160450,Ooops a Desi,2013,23-Aug-13,Thriller,C. Jenner Jose,376,Katrina Kaif,28,N. Chandra,0,1
tt3169676,Meinu Ek Ladki Chaahiye,2014,26-Sep-14,Drama,Abhishek | Sekhar Kochgaven,377,Deepika Padukone,29,Priyadarshan,0,1
tt3169704,Raqt,2013,27-Sep-13,Thriller,Adi Irani | Shiva Rindan | Ranjiv Verma,378,Hrithik Roshan,30,Shoojit Sircar,0,1
tt3173910,Hasee Toh Phasee,2014,7-Feb-14,Comedy | Romance,Harshavardhan Kulkarni (story) | Harshavardhan Kulkarni (dialogue) | Anurag Kashyap (dialogue) | Purva Naresh (dialogue) | Vinil Matthew (dialogue),379,Priyanka Chopra,31,Ashutosh Gowariker,0,4
tt3177332,Horror Story,2013,2-May-14,Horror,Mohan Azaad | Vikram Bhatt | Sukhmani Sadana (dialogue writer),380,Kareena Kapoor,32,Ram Gopal Varma,0,2
tt3211088,Le Gaya Saddam,2012,2-Nov-12,Comedy,N/A,381,Ranbir Kapoor,33,Vishal Bhardwaj,0,1
tt3211170,Say Yes to Love,2012,16-Mar-12,Romance,Marukh Mirza Beig,382,Kajol,34,Abbas Alibhai Burmawalla,0,1
tt3257168,Shorts,2013,12-Jul-13,Drama,N/A,383,John Abraham,35,Mastan Alibhai Burmawalla,0,1
tt3260588,Bin Phere Free Me Tere,2013,3-May-13,Comedy,Manoj Sharma,384,Amitabh Bachchan,36,Milan Luthria,0,1
tt3290688,Revolver Rani,2014,25-Apr-14,Action | Comedy | Crime,Sai Kabir,385,Sonakshi Sinha,37,Prakash Jha,0,2
tt3302962,Shaadi Ke Side Effects,2014,28-Feb-14,Comedy | Romance,Saket Chaudhary (screenplay) | Saket Chaudhary (story) | Zeenat Lakhani (screenplay) | Zeenat Lakhani (story) | Arshad Sayed (dialogue) | Arshad Sayed (screenplay),386,Alia Bhatt,38,Sanjay Gupta,1,2
tt3303416,Ya Rab,2014,7-Feb-14,Drama,N/A,387,Ajay Devgn,39,Zoya Akhtar,0,1
tt3309662,Jackpot,2013,13-Dec-13,Comedy | Thriller,N/A,388,Asin,40,Madhur Bhandarkar,0,1
tt3309844,Titoo MBA,2014,21-Nov-14,Comedy,Puja Ballutia (story) | Puja Ballutia (script),389,Farhan Akhtar,41,Vipul Amrutlal Shah,0,1
tt3322420,Queen,2014,7-Mar-14,Adventure | Comedy | Drama,Vikas Bahl (story) | Chaitally Parmar (story) | Parveez Sheikh (story) | Anvita Dutt (dialogue) | Kangana Ranaut (dialogue),390,Arjun Kapoor,42,Pooja Bhatt,0,6
tt3324810,Chhota Bheem and the Throne of Bali,2013,3-May-13,Animation,N/A,391,Akshay Kumar,43,Anubhav Sinha,0,2
tt3334348,Heartless,2014,7-Feb-14,Drama | Family | Romance,Nina Arora (screenplay) | Niranjan Iyengar (dialogue) | Arafat Mehmood (lyrics) | Seema Saini (lyrics) | Shekhar Suman (lyrics) | Shekhar Suman (story),392,Anushka Sharma,44,Raj Kanwar,0,1
tt3357416,What the Fish,2013,13-Dec-13,Adventure | Comedy | Drama,N/A,393,Vidya Balan,45,Anurag Kashyap,0,1
tt3359290,Bobby Jasoos,2014,4-Jul-14,Comedy | Drama | Thriller,Sanyukta Shaikh Chawla (screen play & dialogue by),394,Aishwarya Rai Bachchan,46,Krishna D.K.,0,2
tt3362728,Ungli,2014,5-Dec-14,Comedy | Drama | Thriller,Renzil D'Silva (story) | Milap Zaveri (dialogue),395,Ranveer Singh,47,Vikram Bhatt,0,1
tt3369670,Children of War,2014,16-May-14,Drama | History | War,Mrityunjay Devvrat | Asad Hussain,396,Vir Das,48,Dibakar Banerjee,0,1
tt3380264,Kill Dil,2014,14-Nov-14,Action | Crime | Drama,Nitesh Tiwari (screenplay) | Shreyas Jain (screenplay) | Nikhil Mehrotra (screenplay),397,Shahid Kapoor,49,Shashilal K. Nair,0,2
tt3382148,Yaariyan,2014,10-Jan-14,Drama | Romance,N/A,398,Saif Ali Khan,50,Rohan Sippy,0,4
tt3390572,Haider,2014,2-Oct-14,Crime | Drama | Romance,"William Shakespeare (based on the play ""Hamlet"" by) | Basharat Peer (screenplay) | Vishal Bhardwaj (screenplay) | Vishal Bhardwaj (dialogue)",399,Anil Kapoor,51,Sangeeth Sivan,0,4
tt3398052,Daawat-e-Ishq,2014,19-Sep-14,Comedy | Drama | Romance,Habib Faisal | Jyoti Kapoor,400,Prakash Raj,52,Rajkumar Santoshi,0,2
tt3415692,Mahabharat,2013,25-Dec-13,Animation | Action,Amaan Khan (screenplay) | Amjad Sheikh (dialogue),401,Sonam Kapoor,53,Sagar Ballary,0,1
tt3426144,Babloo Happy Hai,2014,7-Feb-14,Comedy | Drama | Romance,Sanjay Chauhan | Deepak Venkatesha (additional screenplay & dialogue),402,Sanjay Kapoor,54,Habib Faisal,0,1
tt3449320,Darr @ the Mall,2014,21-Feb-14,Horror | Thriller,Agrim Joshi (screen play and dialogue) | Pawan Kripalani (screen play and dialogue) | Vinod Rawat (screen play and dialogue) | Abhimanyu Singh,403,Jacqueline Fernandez,55,Satish Kaushik,0,1
tt3465488,Karle Pyaar Karle,2014,17-Jan-14,Action | Romance,Suneel Darshan,404,Abhishek Bachchan,56,Sujoy Ghosh,0,1
tt3483596,O Teri,2014,28-Mar-14,Comedy | Drama,Umesh Bist | Neeti Palta,405,Imran Khan,57,Deepak S. Shivdasani,0,1
tt3483646,Bewakoofiyaan,2014,14-Mar-14,Comedy | Drama | Romance,Habib Faisal,406,Rekha,58,Milind Ukey,0,2
tt3483712,Raja Natwarlal,2014,29-Aug-14,Drama | Thriller,Parveez Sheikh (story) | Sanjay Masoom (dialogue),407,Tabu,59,Dev Anand,0,2
tt3495000,Mardaani,2014,22-Aug-14,Action | Drama | Thriller,Gopi Puthran,408,Madhavan,60,Raj Nidimoru,0,4
tt3498050,Mokssh,2013,27-Dec-13,Drama | Musical,Ajit P. Bhairavkar | Ajit P. Bhairavkar,409,Sanjay Dutt,61,Kookie V. Gulati,0,1
tt3498078,Ebn-e-Batuta,2014,14-Apr-14,Sci-Fi,Abhishek Bhola (dialogue) | Varun Middha (dialogue) | Varun Middha (screenplay) | Varun Middha (story),410,Parineeti Chopra,62,Mani Shankar,0,1
tt3501994,Hawaa Hawaai,2014,9-May-14,Drama | Family | Sport,Amole Gupte,411,Madhuri Dixit,63,Nikhil Advani,0,2
tt3514330,Youngistaan,2014,28-Mar-14,Drama,Ramiz Ilham Khan (story) | Syed Ahmed Afzal (story) | Maitrey Bajpai (story),412,Preity Zinta,64,Pradeep Sarkar,0,1
tt3524410,Yeh Hai Bakrapur,2014,9-May-14,Comedy | Drama,Azad Alam (additional screenplay & dialogue) | Janaki Vishwanathan (screenplay) | Janaki Vishwanathan,413,Govinda,65,Ken Ghosh,0,1
tt3527144,The Dirty Relation,2013,14-Jun-13,Thriller,N/A,414,Emraan Hashmi,66,Samir Karnik,0,1
tt3531604,Gang of Ghosts,2014,21-Mar-14,Comedy | Drama,N/A,415,Bipasha Basu,67,Arshad Khan,0,1
tt3531852,Bhoothnath Returns,2014,11-Apr-14,Comedy | Drama | Fantasy,Piyush Gupta | Shreyas Jain (additional script writer) | Nikhil Mehrotra (additional script writer) | Nitesh Tiwari,416,Uday Chopra,68,Govind Menon,1,3
tt3539966,Dishkiyaoon,2014,28-Mar-14,Action | Thriller,Sanamjit Singh Talwar,417,Aditya Roy Kapoor,69,Rajat Kapoor,0,1
tt3542028,Chal Bhaag,2014,13-Jun-14,Comedy,Tarun Bajaj,418,Ritesh Deshmukh,70,Rajat Mukherjee,0,1
tt3554418,Khoobsurat,2014,19-Sep-14,Comedy | Romance,D.N. Mukherjee (original story) | Indira Bisht (screenplay) | Juhi Chaturvedi (dialogue),419,Rishi Kapoor,71,Apoorva Lakhia,0,3
tt3565354,Karar: The Deal,2014,21-Feb-14,Thriller,N/A,420,Kangana Ranaut,72,Anant Mahadevan,0,1
tt3585758,Kahin Hai Mera Pyar,2014,1-May-14,Drama | Musical | Romance,Mahesh Vaijnath Doijode (story) | Mahesh Vaijnath Doijode | Mahesh Vaijnath Doijode,421,Dia Mirza,73,Sriram Raghavan,0,1
tt3592020,Neighbours,2014,14-Mar-14,Horror,Shyam Ramsay,422,Amrish Puri,74,Dharmesh Darshan,0,1
tt3617048,Angry Young Man,2014,11-Apr-14,Action,N/A,423,Amrita Rao,75,Aditya Datt,0,1
tt3619772,Hate Story 2,2014,18-Jul-14,Drama | Romance | Thriller,Madhuri Banerjee (screenplay) | Girish Dhamija (dialogue),424,Lara Dutta,76,Suneel Darshan,2,4
tt3619854,Creature,2014,12-Sep-14,Horror | Sci-Fi,Vikram Bhatt (story) | Vikram Bhatt (screenplay) | Sukhmani Sadana (screenplay) | Girish Dhamija (dialogue),425,Om Puri,77,Shashant Shah,0,2
tt3636776,Samrat & Co.,2014,25-Apr-14,Mystery,N/A,426,Kiron Kher,78,Sudhir Mishra,0,1
tt3640942,Koyelaanchal,2014,9-May-14,Action | Drama,Vishal Vijay Kumar | Sanjay Masoom,427,Mallika Sherawat,79,Harry Baweja,0,1
tt3645014,The Xpose,2014,16-May-14,Thriller,Himesh Reshammiya (story) | Jainesh Ejardar (screenplay) | Himesh Reshammiya (screenplay) | Bunty Rathore (dialogue),428,Sonu Sood,80,Tigmanshu Dhulia,0,2
tt3672618,Dekh Tamasha Dekh,2014,18-Apr-14,Comedy,Shafaat Khan,429,Nana Patekar,81,Kundan Shah,0,1
tt3678938,Humpty Sharma Ki Dulhania,2014,11-Jul-14,Comedy | Drama | Romance,Shashank Khaitan,430,Vinod Khanna,82,Deepak Tijori,0,6
tt3681414,Purani Jeans,2014,2-May-14,Drama,Tanushri Chattrji Bassu,431,Kalki Koechlin,83,Shashanka Ghosh,0,1
tt3683702,Fugly,2014,13-Jun-14,Drama | Thriller,Rahul Handa (story),432,Rani Mukerji,84,Rahul Rawail,0,2
tt3709344,CityLights,2014,30-May-14,Drama | Thriller,Sean Ellis (original story) | Ritesh Shah (adapted by),433,Rajkummar Rao,85,Raksha Mistry,0,2
tt3716142,Lekar Hum Deewana Dil,2014,4-Jul-14,Comedy | Romance,Arif Ali,434,Tusshar Kapoor,86,Nagesh Kukunoor,0,1
tt3720634,3 AM: A Paranormal Experience,2014,26-Sep-14,Horror | Romance,Vishal Mahadkar (story) | Vishal Mahadkar | Sanjay Masoom (dialogue),435,Arjun Rampal,87,Mahesh Manjrekar,0,1
tt3748000,Bollywood Villa,2014,11-Jul-14,Thriller,N/A,436,Paresh Rawal,88,Suparn Verma,0,1
tt3794302,Pizza,2014,18-Jul-14,Horror | Thriller,Akshay Akkineni (screenplay) | Karthik Subbaraj (story),437,Supriya Pathak,89,Ashwini Chaudhary,0,1
tt3814100,M.A.D: Mad About Dance,2014,22-Aug-14,Drama | Musical,Saahil Prem,438,Nawazuddin Siddiqui,90,Hansal Mehta,0,1
tt3822600,Amit Sahni Ki List,2014,18-Jul-14,Comedy | Romance,Rohit G. Banawlikar (screenplay) | Shiv Singh (screenplay),439,Naseeruddin Shah,91,Karan Razdan,0,1
tt3847072,Ekkees Toppon Ki Salaami,2014,10-Oct-14,Comedy,Rahil Qazi (screenplay) | Rahil Qazi (story) | Rahil Qazi,440,Randeep Hooda,92,Eeshwar Nivas,0,1
tt3848888,The Shaukeens,2014,7-Nov-14,Comedy,Sai Kabir | Tigmanshu Dhulia (dialogue) | Tigmanshu Dhulia (screenplay) | Tigmanshu Dhulia (story),441,Jaya Bhaduri,93,Hasnain Hyderabadwala,0,2
tt3877652,Desi Kattey,2014,12-Sep-14,Action,Aaryaan Saxena (screenplay),442,Karisma Kapoor,94,Subhash Ghai,0,1
tt3881136,Life Is Beautiful,2014,22-Aug-14,Comedy | Romance,Manoj Amarnani | Sanjay Sankla,443,Sharman Joshi,95,Guddu Dhanoa,0,1
tt3893476,Spark,2014,10-Oct-14,Action,V.K. Singh (story),444,Boman Irani,96,Kabir Sadanand,0,1
tt4010306,Jigariyaa,2014,10-Oct-14,Drama,Vinod Bachchan | Apratim Khare | Raj Purohit,445,Satish Shah,97,Kanti Shah,0,1
tt4045666,Mumbai Delhi Mumbai,2014,5-Dec-14,Comedy | Romance,Manu Rishi Chadda (dialogue) | Satish Rajwade,446,Arshad Warsi,98,Robby Grewal,0,1
tt4119196,Love U Crazy Girl,2014,9-May-14,Mystery,Bhabhani Prasad,447,Raj Babbar,99,Hriday Shetty,0,1
tt4121522,Shuruaat Ka Interval,2014,15-Aug-14,N/A,Aarti S. Bagdi | Amrit Raj Gupta | Krishan Hooda | Shishir Jha | Atanu Mukherjee | Biswapati Sarkar | Rukshana Tabassum | Ankit Tripathi | Palash Vaswani | Gautam Ved,448,Shilpa Shetty,100,Anant Balani,0,1
tt4187650,Trip to Bhangarh,2014,28-Aug-14,Horror,N/A,449,Vivek Oberoi,101,Kabeer Kaushik,0,1
tt4190220,Zed Plus,2014,28-Nov-14,N/A,Chandra Prakash Dwivedi (screen play and dialogue by) | Ramkumar Singh (screen play and dialogue by) | Ramkumar Singh (story),450,Anupam Kher,102,Amol Shetge,0,1
tt4219300,Gollu aur Pappu,2014,21-Nov-14,Comedy,N/A,451,Sameera Reddy,103,Pankaj Parashar,0,1
tt4228746,Zid,2014,28-Nov-14,Thriller,Vivek Agnihotri | Rohit Malhotra,452,Sunny Deol,104,N/A,0,2
